"grade","subject","group","d","adjusted_for_K","source_table","se","study_id","dataset","cohort","design","control","sd_type","published","dup_of","in_primary","use","notes"
0,"math","all",0.16,FALSE,"Table I (by kindergarten class)",NA,"goldstein_blatchford_1998","STAR","1985 K entry","RCT (secondary analysis)","regular + aide, pooled","SD of all pupils (z-scores)",1,"finn_achilles_1999",FALSE,"cross-check only","no SEs reported; SE imputed from 1990 arm shares, 33% Black, DEFF 2.93"
0,"reading","all",0.17,FALSE,"Table I (by kindergarten class)",NA,"goldstein_blatchford_1998","STAR","1985 K entry","RCT (secondary analysis)","regular + aide, pooled","SD of all pupils (z-scores)",1,"finn_achilles_1999",FALSE,"cross-check only","no SEs reported; SE imputed from 1990 arm shares, 33% Black, DEFF 2.93"
1,"math","black",0.4,FALSE,"Table II, no adjustment",0.0821,"goldstein_blatchford_1998","STAR","1985 K entry","RCT (secondary analysis)","regular + aide, pooled","SD of all pupils (z-scores)",1,"finn_achilles_1990",FALSE,"moderator: race","no SEs reported; SE imputed from 1990 arm shares, 33% Black, DEFF 2.93"
1,"math","white",0.29,FALSE,"Table II, no adjustment",0.0574,"goldstein_blatchford_1998","STAR","1985 K entry","RCT (secondary analysis)","regular + aide, pooled","SD of all pupils (z-scores)",1,"finn_achilles_1990",FALSE,"moderator: race","no SEs reported; SE imputed from 1990 arm shares, 33% Black, DEFF 2.93"
1,"reading","black",0.32,FALSE,"Table II, no adjustment",0.0819,"goldstein_blatchford_1998","STAR","1985 K entry","RCT (secondary analysis)","regular + aide, pooled","SD of all pupils (z-scores)",1,"finn_achilles_1990",FALSE,"moderator: race","no SEs reported; SE imputed from 1990 arm shares, 33% Black, DEFF 2.93"
1,"reading","white",0.13,FALSE,"Table II, no adjustment",0.0572,"goldstein_blatchford_1998","STAR","1985 K entry","RCT (secondary analysis)","regular + aide, pooled","SD of all pupils (z-scores)",1,"finn_achilles_1990",FALSE,"moderator: race","no SEs reported; SE imputed from 1990 arm shares, 33% Black, DEFF 2.93"
1,"math","black",0.35,TRUE,"Table II, adjusted",0.0821,"goldstein_blatchford_1998","STAR","1985 K entry","RCT (secondary analysis)","regular + aide, pooled","SD of all pupils (z-scores)",1,"finn_achilles_1990",FALSE,"sensitivity: second-year effect","no SEs reported; SE imputed from 1990 arm shares, 33% Black, DEFF 2.93"
1,"math","white",0.18,TRUE,"Table II, adjusted",0.0574,"goldstein_blatchford_1998","STAR","1985 K entry","RCT (secondary analysis)","regular + aide, pooled","SD of all pupils (z-scores)",1,"finn_achilles_1990",FALSE,"sensitivity: second-year effect","no SEs reported; SE imputed from 1990 arm shares, 33% Black, DEFF 2.93"
1,"reading","black",0.21,TRUE,"Table II, adjusted",0.0819,"goldstein_blatchford_1998","STAR","1985 K entry","RCT (secondary analysis)","regular + aide, pooled","SD of all pupils (z-scores)",1,"finn_achilles_1990",FALSE,"sensitivity: second-year effect","no SEs reported; SE imputed from 1990 arm shares, 33% Black, DEFF 2.93"
1,"reading","white",0.04,TRUE,"Table II, adjusted",0.0572,"goldstein_blatchford_1998","STAR","1985 K entry","RCT (secondary analysis)","regular + aide, pooled","SD of all pupils (z-scores)",1,"finn_achilles_1990",FALSE,"sensitivity: second-year effect","no SEs reported; SE imputed from 1990 arm shares, 33% Black, DEFF 2.93"
1,"math","all (rebuilt)",0.326,FALSE,"Table II, weighted by race",0.047,"goldstein_blatchford_1998","STAR","1985 K entry","RCT (secondary analysis)","regular + aide, pooled","SD of all pupils (z-scores)",1,"finn_achilles_1990",FALSE,"cross-check only","no SEs reported; SE imputed from 1990 arm shares, 33% Black, DEFF 2.93"
1,"reading","all (rebuilt)",0.193,FALSE,"Table II, weighted by race",0.047,"goldstein_blatchford_1998","STAR","1985 K entry","RCT (secondary analysis)","regular + aide, pooled","SD of all pupils (z-scores)",1,"finn_achilles_1990",FALSE,"cross-check only","no SEs reported; SE imputed from 1990 arm shares, 33% Black, DEFF 2.93"
