"round","step","query","hits","note"
"First round",1,"""omission bias"" AND ""morality""",640,""
"First round",2,"(""action principle"" OR ""omission bias"" OR ""omission effect"") AND (""regret"" OR ""morality"")",2300,""
"First round",3,"""omission bias"" AND ""intention""",949,""
"First round",4,"""omission bias"" or ""omission effect""  AND ""vaccination""",11,""
"First round",5,"(""omission bias"" OR ""omission effect"") AND (""harm"" OR ""morality"")",1500,""
"First round",6,"(""action effect"" OR ""omission bias"" OR ""omission effect"") AND (""regret"" or ""moral"")",570,""
"First round",7,"(""action effect"" OR ""action bias"" OR ""act omission"" OR ""omission bias"" OR ""omission effect"") AND (""regret"" or ""moral"" or ""morality"" or ""risk taking"")",63,""
"First round",8,"""omission bias"" or ""omission strategy"" AND ""indirect harm""",4,""
"First round",9,"searched for more literature in the reference lists of the articles",,"Hand search of reference lists; no hit count"
"Final",10,"(“omission bias” OR “omission effect” OR “omission strategy” OR “action effect” OR “action principle” OR (Baron AND Ritov) OR (Connolly AND Reb) OR (action AND inaction) OR (actions AND inactions) OR (omission AND commission) OR (omissions AND commissions) OR (direct AND indirect) OR (doing AND allowing) OR (active AND passive)) AND (morality OR intent OR harm OR vaccinations OR moral OR blame OR responsibility) – “Trolley”",2570,"Syntax reported in the paper; 2,570 records (Figure 1)"
