"article_no","article","study","sample","subgroup","dv_no","criterion","reason","row_description","design_type","dv_title","dv_type","setting","population","country","n"
"7","DeScioli et al. (2011)","1","1","1","1","B1 no clean action-inaction contrast","Not equal comission/omission","Decision of the taker (Person Y) in the no - punishment condition",,"Decision for omission or commission","Choose option","On-line","General population","US",43
"7","DeScioli et al. (2011)","1","1","2","1","B1 no clean action-inaction contrast","Not equal comission/omission","Decision of the taker (Person Y) in the punishment condition",,"Decision for omission or commission","Choose option","On-line","General population","US",47
"7","DeScioli et al. (2011)","1","1","5","1","B2 DV is not morality, blame, or decision","it's punishment, not judgment","as described above but from rating from the perspective of participants across all roles over the punisher's rating (Person Z)","Between-subject","Moral wrongness","Wrongness","On-line","General population","US",225
"7","DeScioli et al. (2011)","1","1","6","1","B2 DV is not morality, blame, or decision","it's punishment, not judgment","as described above but from rating from the perspective of participants across all roles over the victim's rating (Person X)","Between-subject","Moral wrongness","Wrongness","On-line","General population","US",225
"7","DeScioli et al. (2011)","2","1","2","1","B1 no clean action-inaction contrast","Not equal comission/omission","in experiment 2, participants have the choice to allocate money altruistically, selfishly by commission, or selfishly by omission in a dictator game, in which one person (the owner Person Y) has 1$ and a second person, the taker(Person X), has the chance to take from this endowment.The second study was identical to the first but with an additional condition: the opportunity to choose an even split (50c,50c).  This game is tested under no-punishment vs. punishment conditions in which a punisher (Person Z) could deduct an amount of money from Person Y's payment, depending on person Y's decision - this row mainly focuses on the decision of the taker (Person X) in the no - punishment condition","Between-subject","Moral wrongness","Wrongness","On-line","General population","US",186
"7","DeScioli et al. (2011)","2","1","2","1","B1 no clean action-inaction contrast","Not equal comission/omission","in experiment 2, participants have the choice to allocate money altruistically, selfishly by commission, or selfishly by omission in a dictator game, in which one person (the owner Person Y) has 1$ and a second person, the taker(Person X), has the chance to take from this endowment.The second study was identical to the first but with an additional condition: the opportunity to choose an even split (50c,50c).  This game is tested under no-punishment vs. punishment conditions in which a punisher (Person Z) could deduct an amount of money from Person Y's payment, depending on person Y's decision - this row mainly focuses on the decision of the taker (Person X) in the punishment condition","Between-subject","Moral wrongness","Wrongness","On-line","General population","US",186
"7","DeScioli et al. (2011)","2","1","5","1","B2 DV is not morality, blame, or decision","it's punishment, not judgment","as described above but from rating from the perspective of participants across all roles over the victim's rating (Person X)","Between-subject","Moral wrongness","Wrongness","On-line","General population","US",186
"7","DeScioli et al. (2011)","2","1","6","1","B2 DV is not morality, blame, or decision","it's punishment, not judgment","as described above but from rating from the perspective of participants across all roles over the victim's rating (Person X)","Between-subject","Moral wrongness","Wrongness","On-line","General population","US",186
"39","Wroe & Salkoviskis (2000)","1","1","1","1","B1 no clean action-inaction contrast","No contrast between omission and commission, but differences between the contrasts between the highest concern and the lowest concern - ‘sensitivity’. not the omission-bias effect","Clinical groups are compared with each other regarding sensitivity to decision to prevent harm - here: obsessionals","Within-subject","Likelihood of acting (decision to act/omit)","Likelihood","Laboratory","Other","UK",42
"39","Wroe & Salkoviskis (2000)","1","1","2","1","B1 no clean action-inaction contrast","No contrast between omission and commission, but differences between the contrasts between the highest concern and the lowest concern - ‘sensitivity’. not the omission-bias effect","Clinical groups are compared with each other regarding sensitivity to decision to prevent harm - here: non-clinical controls","Within-subject","Likelihood of acting (decision to act/omit)","Likelihood","Laboratory","Other","UK",53
"39","Wroe & Salkoviskis (2000)","1","1","3","1","B1 no clean action-inaction contrast","No contrast between omission and commission, but differences between the contrasts between the highest concern and the lowest concern - ‘sensitivity’. not the omission-bias effect","Clinical groups are compared with each other regarding sensitivity to decision to prevent harm - here: anxious controls","Within-subject","Likelihood of acting (decision to act/omit)","Likelihood","Laboratory","Other","UK",25
"39","Wroe & Salkoviskis (2000)","1","1","1","2","B1 no clean action-inaction contrast","No contrast between omission and commission, but differences between the contrasts between the highest concern and the lowest concern - ‘sensitivity’. not the omission-bias effect","Clinical groups are compared with each other regarding sensitivity to decision to prevent harm - here: obsessionals","Within-subject","Immorality","Morality","Laboratory","Other","UK",42
"39","Wroe & Salkoviskis (2000)","1","1","2","2","B1 no clean action-inaction contrast","No contrast between omission and commission, but differences between the contrasts between the highest concern and the lowest concern - ‘sensitivity’. not the omission-bias effect","Clinical groups are compared with each other regarding sensitivity to decision to prevent harm - here: non-clinical controls","Within-subject","Immorality","Morality","Laboratory","Other","UK",53
"39","Wroe & Salkoviskis (2000)","1","1","3","2","B1 no clean action-inaction contrast","No contrast between omission and commission, but differences between the contrasts between the highest concern and the lowest concern - ‘sensitivity’. not the omission-bias effect","Clinical groups are compared with each other regarding sensitivity to decision to prevent harm - here: anxious controls","Within-subject","Immorality","Morality","Laboratory","Other","UK",25
"39","Wroe & Salkoviskis (2000)","1","1","1","3","B1 no clean action-inaction contrast","No contrast between omission and commission, but differences between the contrasts between the highest concern and the lowest concern - ‘sensitivity’. not the omission-bias effect","Clinical groups are compared with each other regarding sensitivity to decision to prevent harm - here: obsessionals","Within-subject","Responsibility","Responsibility","Laboratory","Other","UK",42
"39","Wroe & Salkoviskis (2000)","1","1","2","3","B1 no clean action-inaction contrast","No contrast between omission and commission, but differences between the contrasts between the highest concern and the lowest concern - ‘sensitivity’. not the omission-bias effect","Clinical groups are compared with each other regarding sensitivity to decision to prevent harm - here: non-clinical controls","Within-subject","Responsibility","Responsibility","Laboratory","Other","UK",53
"39","Wroe & Salkoviskis (2000)","1","1","3","3","B1 no clean action-inaction contrast","No contrast between omission and commission, but differences between the contrasts between the highest concern and the lowest concern - ‘sensitivity’. not the omission-bias effect","Clinical groups are compared with each other regarding sensitivity to decision to prevent harm - here: anxious controls","Within-subject","Responsibility","Responsibility","Laboratory","Other","UK",25
"39","Wroe & Salkoviskis (2000)","1","1","1","4","B1 no clean action-inaction contrast","No contrast between omission and commission, but differences between the contrasts between the highest concern and the lowest concern - ‘sensitivity’. not the omission-bias effect","Clinical groups are compared with each other regarding sensitivity to decision to prevent harm - here: obsessionals","Within-subject","Blame","Blame","Laboratory","Other","UK",42
"39","Wroe & Salkoviskis (2000)","1","1","2","4","B1 no clean action-inaction contrast","No contrast between omission and commission, but differences between the contrasts between the highest concern and the lowest concern - ‘sensitivity’. not the omission-bias effect","Clinical groups are compared with each other regarding sensitivity to decision to prevent harm - here: non-clinical controls","Within-subject","Blame","Blame","Laboratory","Other","UK",53
"39","Wroe & Salkoviskis (2000)","1","1","3","4","B1 no clean action-inaction contrast","No contrast between omission and commission, but differences between the contrasts between the highest concern and the lowest concern - ‘sensitivity’. not the omission-bias effect","Clinical groups are compared with each other regarding sensitivity to decision to prevent harm - here: anxious controls","Within-subject","Blame","Blame","Laboratory","Other","UK",25
"8","Ritov Baron (1995)","1","1","1","1","B2 DV is not morality, blame, or decision","not a moral DV","In experiment 1, participants are presented with a managerial decision in which subjects have to rate the manager's satisfaction to measure preference for omission/commission; the influence of knowledge is measured - however we are only interested in the contrast between action/omission; this row is the 'none knowledge'-condition","Between-subject","Decision for omission or commission (satisfaction of the decision which shows whether people prefer omission or commission)","Judgment","Laboratory","Students","Israel",91
"8","Ritov Baron (1995)","1","1","2","1","B2 DV is not morality, blame, or decision","not a moral DV","In experiment 1, participants are presented with a managerial decision in which subjects have to rate the manager's satisfaction to measure preference for omission/commission; the influence of knowledge is measured - however we are only interested in the contrast between action/omission; this row is the 'partial knowledge'-condition","Between-subject","Decision for omission or commission (satisfaction of the decision which shows whether people prefer omission or commission)","Judgment","Laboratory","Students","Israel",91
"8","Ritov Baron (1995)","1","1","3","1","B2 DV is not morality, blame, or decision","not a moral DV","In experiment 1, participants are presented with a managerial decision in which subjects have to rate the manager's satisfaction to measure preference for omission/commission; the influence of knowledge is measured - however we are only interested in the contrast between action/omission; this row is the 'full knowledge'-condition","Between-subject","Decision for omission or commission (satisfaction of the decision which shows whether people prefer omission or commission)","Judgment","Laboratory","Students","Israel",91
"9","Baron & Ritov (2004)","1","1","2","1","C3 needed statistics not reported","coding here is for the wrong stats, the main stats of interest (decision) are not reported by the article, unfortunately. """"The scores on these items were higher (less in favor of the direct-cause option) for the cure than for the prevent items(-.72 vs. -.76, t111= 2.39, p = 0.0184); we cannot explain this differerence."" (p. 80-81)","indirect-cause option leads to more deaths  DV: decision to omit or to act","Within-subject","Decision for omission or commission","Decision","On-line","General population","US",112
"9","Baron & Ritov (2004)","1","1","2","2","B1 no clean action-inaction contrast","meets exclusion criteria, not same consequences","indirect-cause option leads to more deaths  DV: blame","Within-subject","Blame","Blame","On-line","General population","US",112
"9","Baron & Ritov (2004)","2","1","1","1","B1 no clean action-inaction contrast","not similar consequences","Experiment 2 is about vaccination choices in which pp have to imagine to take the role of a public health official who must decide whether to require the vaccine against a brain damage; or they have to imagine to be a parent who must decide whether to vaccinate their child - I summarized the roles since there is no difference made in the results",,"Decision for omission or commission","Decision","On-line","General population","US",100
"25","Cushman & Young (2011)","3","1","1","1","C3 needed statistics not reported","wrong stats coded, the main effect isn't reported, just the comparison of main effect between DV. shame.","Experiment 3 compares punishment and moral wrongness for different scenarios; we only focus on the moral wrongness","Between-subject","Moral wrongness","Wrongness","On-line","Students","US",604
"37","Wroe et al. (2005)","1","1","1","1","C1 not an experiment","not an experiment","This longitudinal study is about the parental decisions about MMR and single vaccination; this study has many sections; we will focus on the first in which the decision for MMR or single vaccination is evaluated in the second session of the study (there was a pre-measure and post-measure,here: only the post measure is reported)","Between-subject","Likelihood of acting (decision to act/omit)","Likelihood","Survey","Other","UK",114
"58","Baron et al. (1993)","1","1","1","1","B1 no clean action-inaction contrast","Not a contrast between action-inaction, it's a contrast between omission and same omission-commission, so all calcualted chisquares are wrong","""Discovery"" group (students)",,"Moral Judgment","Judgment","Laboratory","Students","US",20
"58","Baron et al. (1993)","1","1","2","1","B1 no clean action-inaction contrast","Not a contrast between action-inaction, it's a contrast between omission and same omission-commission, so all calcualted chisquares are wrong","""Camp"" group (children)",,"Moral Judgment","Judgment","Laboratory","Other","US",77
"58","Baron et al. (1993)","2","1","1","1","B1 no clean action-inaction contrast","Not a contrast between action-inaction, it's a contrast between omission and same omission-commission, so all calcualted chisquares are wrong","accident (omission) scenario",,"Moral Judgment","Judgment","Laboratory","Students","US",63
"58","Baron et al. (1993)","2","1","2","1","B1 no clean action-inaction contrast","Not a contrast between action-inaction, it's a contrast between omission and same omission-commission, so all calcualted chisquares are wrong","tennis(omission) scenario",,"Moral Judgment","Judgment","Laboratory","Students","US",63
"1","Ritov & Baron (1990)","3","1","1","1","B2 DV is not morality, blame, or decision","comparing with and without knowledge. relevance of vaccination to omission comission of morality not clear in these studies/scenarios.","risk group for the vaccination","Within","Vaccination decision","Decision","Laboratory","Students","US",30
"1","Ritov & Baron (1990)","3","1","2","1","B2 DV is not morality, blame, or decision","comparing with and without knowledge. relevance of vaccination to omission comission of morality not clear in these studies/scenarios.","risk group for the flu","Within","Vaccination decision","Decision","Laboratory","Students","US",30
"50","Gong et al. (2012)","2","1","1","1","B1 no clean action-inaction contrast","Not a contrast  between omission comission, coded stats wrong, the whole scenario isn't clearly about a moral decision, the DV is plain odd","this study compares spatial distance in the preference for harm caused by omission rather than action","Between","Decision to approve exchange (to omit/act)","Decision","Laboratory","Students","US",39
"28","Brown et al. (2010)","1","1","1","1","B2 DV is not morality, blame, or decision","it is about ""Participant ratings of disease and vaccine reaction characteristics."" (p. 4183)","Parents of children aged betwen 5 and 7 were recruited for an online questionnaire about vaccination vs. disease characterstics and measured  their preferences/decisions","Between","Choosing options (vaccinate/not vaccinate)","Choosing option","On-line","Other","UK",125
"28","Brown et al. (2010)","1","1","2","1","B2 DV is not morality, blame, or decision","it is about ""Participant ratings of disease and vaccine reaction characteristics."" (p. 4183)","Parents of children aged betwen 5 and 7 were recruited for an online questionnaire about vaccination vs. disease characterstics and measured  their preferences/decisions","Between","Choosing options (vaccinate/not vaccinate)","Choosing option","On-line","Other","UK",125
"28","Brown et al. (2010)","1","1","3","1","B2 DV is not morality, blame, or decision","it is about ""Participant ratings of disease and vaccine reaction characteristics."" (p. 4183)","Parents of children aged betwen 5 and 7 were recruited for an online questionnaire about vaccination vs. disease characterstics and measured  their preferences/decisions","Between","Choosing options (vaccinate/not vaccinate)","Choosing option","On-line","Other","UK",125
"28","Brown et al. (2010)","1","1","4","1","B2 DV is not morality, blame, or decision","it is about ""Participant ratings of disease and vaccine reaction characteristics."" (p. 4183)","Parents of children aged betwen 5 and 7 were recruited for an online questionnaire about vaccination vs. disease characterstics and measured  their preferences/decisions","Between","Choosing options (vaccinate/not vaccinate)","Choosing option","On-line","Other","UK",99
"28","Brown et al. (2010)","1","1","5","1","B2 DV is not morality, blame, or decision","it is about ""Participant ratings of disease and vaccine reaction characteristics."" (p. 4183)","Parents of children aged betwen 5 and 7 were recruited for an online questionnaire about vaccination vs. disease characterstics and measured  their preferences/decisions","Between","Choosing options (vaccinate/not vaccinate)","Choosing option","On-line","Other","UK",99
"28","Brown et al. (2010)","1","1","6","1","B2 DV is not morality, blame, or decision","it is about ""Participant ratings of disease and vaccine reaction characteristics."" (p. 4183)","Parents of children aged betwen 5 and 7 were recruited for an online questionnaire about vaccination vs. disease characterstics and measured  their preferences/decisions","Between","Choosing options (vaccinate/not vaccinate)","Choosing option","On-line","Other","UK",99
"28","Brown et al. (2010)","1","1","7","1","B2 DV is not morality, blame, or decision","it is about ""Participant ratings of disease and vaccine reaction characteristics."" (p. 4183)","Parents of children aged betwen 5 and 7 were recruited for an online questionnaire about vaccination vs. disease characterstics and measured  their preferences/decisions","Between","Choosing options (vaccinate/not vaccinate)","Choosing option","On-line","Other","UK",99
"28","Brown et al. (2010)","1","1","8","1","B2 DV is not morality, blame, or decision","it is about ""Participant ratings of disease and vaccine reaction characteristics."" (p. 4183)","Parents of children aged betwen 5 and 7 were recruited for an online questionnaire about vaccination vs. disease characterstics and measured  their preferences/decisions","Between","Choosing options (vaccinate/not vaccinate)","Choosing option","On-line","Other","UK",99
"28","Brown et al. (2010)","1","1","9","1","B2 DV is not morality, blame, or decision","it is about ""Participant ratings of disease and vaccine reaction characteristics."" (p. 4183)","Parents of children aged betwen 5 and 7 were recruited for an online questionnaire about vaccination vs. disease characterstics and measured  their preferences/decisions","Between","Choosing options (vaccinate/not vaccinate)","Choosing option","On-line","Other","UK",99
"28","Brown et al. (2010)","1","1","10","1","B2 DV is not morality, blame, or decision","it is about ""Participant ratings of disease and vaccine reaction characteristics."" (p. 4183)","Parents of children aged betwen 5 and 7 were recruited for an online questionnaire about vaccination vs. disease characterstics and measured  their preferences/decisions","Between","Choosing options (vaccinate/not vaccinate)","Choosing option","On-line","Other","UK",99
"28","Brown et al. (2010)","1","1","11","1","B2 DV is not morality, blame, or decision","it is about ""Participant ratings of disease and vaccine reaction characteristics."" (p. 4183)","Parents of children aged betwen 5 and 7 were recruited for an online questionnaire about vaccination vs. disease characterstics and measured  their preferences/decisions","Between","Choosing options (vaccinate/not vaccinate)","Choosing option","On-line","Other","UK",99
"28","Brown et al. (2010)","1","1","12","1","B2 DV is not morality, blame, or decision","it is about ""Participant ratings of disease and vaccine reaction characteristics."" (p. 4183)","Parents of children aged betwen 5 and 7 were recruited for an online questionnaire about vaccination vs. disease characterstics and measured  their preferences/decisions","Between","Choosing options (vaccinate/not vaccinate)","Choosing option","On-line","Other","UK",99
"28","Brown et al. (2010)","1","1","13","1","B2 DV is not morality, blame, or decision","it is about ""Participant ratings of disease and vaccine reaction characteristics."" (p. 4183)","Parents of children aged betwen 5 and 7 were recruited for an online questionnaire about vaccination vs. disease characterstics and measured  their preferences/decisions","Between","Choosing options (vaccinate/not vaccinate)","Choosing option","On-line","Other","UK",99
"28","Brown et al. (2010)","1","1","14","1","B2 DV is not morality, blame, or decision","it is about ""Participant ratings of disease and vaccine reaction characteristics."" (p. 4183)","Parents of children aged betwen 5 and 7 were recruited for an online questionnaire about vaccination vs. disease characterstics and measured  their preferences/decisions","Between","Choosing options (vaccinate/not vaccinate)","Choosing option","On-line","Other","UK",99
"28","Brown et al. (2010)","1","1","15","1","B2 DV is not morality, blame, or decision","it is about ""Participant ratings of disease and vaccine reaction characteristics."" (p. 4183)","Parents of children aged betwen 5 and 7 were recruited for an online questionnaire about vaccination vs. disease characterstics and measured  their preferences/decisions","Between","Choosing options (vaccinate/not vaccinate)","Choosing option","On-line","Other","UK",99
"28","Brown et al. (2010)","1","1","16","1","B2 DV is not morality, blame, or decision","it is about ""Participant ratings of disease and vaccine reaction characteristics."" (p. 4183)","Parents of children aged betwen 5 and 7 were recruited for an online questionnaire about vaccination vs. disease characterstics and measured  their preferences/decisions","Between","Choosing options (vaccinate/not vaccinate)","Choosing option","On-line","Other","UK",99
"28","Brown et al. (2010)","1","1","17","1","B2 DV is not morality, blame, or decision","it is about ""Participant ratings of disease and vaccine reaction characteristics."" (p. 4183)","Parents of children aged betwen 5 and 7 were recruited for an online questionnaire about vaccination vs. disease characterstics and measured  their preferences/decisions","Between","Choosing options (vaccinate/not vaccinate)","Choosing option","On-line","Other","UK",97
"28","Brown et al. (2010)","1","1","18","1","B2 DV is not morality, blame, or decision","it is about ""Participant ratings of disease and vaccine reaction characteristics."" (p. 4183)","Parents of children aged betwen 5 and 7 were recruited for an online questionnaire about vaccination vs. disease characterstics and measured  their preferences/decisions","Between","Choosing options (vaccinate/not vaccinate)","Choosing option","On-line","Other","UK",97
"28","Brown et al. (2010)","1","1","19","1","B2 DV is not morality, blame, or decision","it is about ""Participant ratings of disease and vaccine reaction characteristics."" (p. 4183)","Parents of children aged betwen 5 and 7 were recruited for an online questionnaire about vaccination vs. disease characterstics and measured  their preferences/decisions","Between","Choosing options (vaccinate/not vaccinate)","Choosing option","On-line","Other","UK",97
"28","Brown et al. (2010)","1","1","20","1","B2 DV is not morality, blame, or decision","it is about ""Participant ratings of disease and vaccine reaction characteristics."" (p. 4183)","Parents of children aged betwen 5 and 7 were recruited for an online questionnaire about vaccination vs. disease characterstics and measured  their preferences/decisions","Between","Choosing options (vaccinate/not vaccinate)","Choosing option","On-line","Other","UK",97
"28","Brown et al. (2010)","1","1","21","1","B2 DV is not morality, blame, or decision","it is about ""Participant ratings of disease and vaccine reaction characteristics."" (p. 4183)","Parents of children aged betwen 5 and 7 were recruited for an online questionnaire about vaccination vs. disease characterstics and measured  their preferences/decisions","Between","Choosing options (vaccinate/not vaccinate)","Choosing option","On-line","Other","UK",97
"28","Brown et al. (2010)","1","1","22","1","B2 DV is not morality, blame, or decision","it is about ""Participant ratings of disease and vaccine reaction characteristics."" (p. 4183)","Parents of children aged betwen 5 and 7 were recruited for an online questionnaire about vaccination vs. disease characterstics and measured  their preferences/decisions","Between","Choosing options (vaccinate/not vaccinate)","Choosing option","On-line","Other","UK",97
"43","Baron et al. (1998)","1","1","1","1","C1 not an experiment","Correlational study","attitudes toward HRT are represented based on different biases; here we only focus on the omission bias and ignore the others",,"Decision to recommend HRT/or not recommend HRT","Decision","On-line","Other","US",328
"43","Baron et al. (1998)","1","1","1","2","C1 not an experiment","Correlational study","attitudes toward HRT are represented based on different biases; here we only focus on the omission bias and ignore the others",,"Responsibility","Responsibility","On-line","Other","US",328
"56","Gartner & Sandberg (2017)","1","1","1","1","B1 no clean action-inaction contrast","statistics coded wrong, not a contrast between action-inaction, but between selish and pro-social.","The study tests whether people are more prone to act selfishly if they can passively allow for an outcome to be implemened rather than having to make an active choice - this row is about the selfish default (90,10)","Between","Decision of default option","Choosing option","Laboratory","Students","Denmark",196
"56","Gartner & Sandberg (2017)","1","1","2","1","B1 no clean action-inaction contrast","statistics coded wrong, not a contrast between action-inaction, but between selish and pro-social.","The study tests whether people are more prone to act selfishly if they can passively allow for an outcome to be implemened rather than having to make an active choice - this row is about the fair default (70,70)","Between","Decision of default option","Choosing option","Laboratory","Students","Denmark",200
"56","Gartner & Sandberg (2017)","2","1","1","1","B1 no clean action-inaction contrast","statistics coded wrong, not a contrast between action-inaction, but between selish and pro-social.","The study tests whether people are more prone to act selfishly if they can passively allow for an outcome to be implemened rather than having to make an active choice based on omission treatment, commission treatment, and no-default treatment - this row is about the selfish default (1.05,0.05)","Between","Decision of default option","Choosing option","Laboratory","Students","US",453
"56","Gartner & Sandberg (2017)","3","1","1","1","B1 no clean action-inaction contrast","statistics coded wrong, not a contrast between action-inaction, but between selish and pro-social.","The study tests whether people are more prone to act selfishly if they can passively allow for an outcome to be implemened rather than having to make an active choice based on omission treatment, commission treatment, and no-default treatment - this row is about the selfish default (1.05,0.05) - difference to study 2: time for decision is decreased","Between","Decision of default option","Choosing option","Laboratory","Students","US",448
"47","Pittarello et al. (2016)","1","1","1","1","B2 DV is not morality, blame, or decision","DV is on cheating behavior","Experiment 1 presents a ""Heads or Tail"" task in which participants have to decide whether to cheat or not based on the idea that the task's software has some errors in the feedback of the outcomes. This row presents cheating in the omission condition vs. commission condition","Between","Decision to cheat","Choosing option","On-line","General population","US",190
"47","Pittarello et al. (2016)","1","1","2","1","B2 DV is not morality, blame, or decision","DV is on cheating behavior","Experiment 1 presents a ""Heads or Tail"" task in which participants have to decide whether to cheat or not based on the idea that the task's software has some errors in the feedback of the outcomes. This row presents 'not cheating' in the omission condition vs. commission condition","Between","Decision to cheat","Choosing option","On-line","General population","US",190
"47","Pittarello et al. (2016)","2","1","1","1","B2 DV is not morality, blame, or decision","DV is on cheating behavior","is a replication of the first experiment; however asks pp for the probability of occurence of an error made by the software - however, we again only concentrate only on the omission-commission contrast in 'cheating'","Between","Decision to cheat","Choosing option","On-line","General population","US",202
"47","Pittarello et al. (2016)","2","1","2","1","B2 DV is not morality, blame, or decision","DV is on cheating behavior","is a replication of the first experiment; however asks pp for the probability of occurence of an error made by the software - however, we again only concentrate only on the omission-commission contrast in 'non-cheating'","Between","Decision to cheat","Choosing option","On-line","General population","US",202
"47","Pittarello et al. (2016)","3","1","1","1","B2 DV is not morality, blame, or decision","DV is on cheating behavior","is a replication of the first experiment; however asks pp for the legitimacy of lying and awarness  - however, we again only concentrate only on the omission-commission contrast in 'cheating'","Between","Decision to cheat","Choosing option","On-line","General population","US",197
"47","Pittarello et al. (2016)","3","1","2","1","B2 DV is not morality, blame, or decision","DV is on cheating behavior","is a replication of the first experiment; however asks pp for the legitimacy of lying and awarenss - however, we again only concentrate only on the omission-commission contrast in 'not- cheating'","Between","Decision to cheat","Choosing option","On-line","General population","US",197
"47","Pittarello et al. (2016)","4","1","1","1","B2 DV is not morality, blame, or decision","DV is on cheating behavior","is a replication of the third experiment with little adaptions to increase the reliability of the results; however asks pp for the legitimacy of lying - however, we again only concentrate only on the omission-commission contrast in 'cheating'","Between","Decision to cheat","Choosing option","On-line","General population","US",206
"47","Pittarello et al. (2016)","4","1","2","1","B2 DV is not morality, blame, or decision","DV is on cheating behavior","is a replication of the third experiment with little adaptions to increase the reliability of the results; however asks pp for the legitimacy of lying - however, we again only concentrate only on the omission-commission contrast in 'not -cheating'","Between","Decision to cheat","Choosing option","On-line","General population","US",206
"3","Baron & Ritov (1994)","4","1","1","1","C2 action-effect / status quo / norm theory","Norm-theory/status-quo. Excluded.","presents the vaccination scenario, based on different cases (different risk groups and probabilties of death) : 1 out of 10,000","Between","Decision to vaccinate","Judgment","Laboratory","Students","US",41
"3","Baron & Ritov (1994)","4","1","2","1","C2 action-effect / status quo / norm theory","Norm-theory/status-quo. Excluded.","presents the vaccination scenario, based on different cases (different risk groups and probabilties of death) : 5 out of 10,000","Between","Decision to vaccinate","Judgment","Laboratory","Students","US",41
"3","Baron & Ritov (1994)","4","1","3","1","C2 action-effect / status quo / norm theory","Norm-theory/status-quo. Excluded.","presents the vaccination scenario, based on different cases (different risk groups and probabilties of death) : 9 out of 10,000","Between","Decision to vaccinate","Judgment","Laboratory","Students","US",41
"3","Baron & Ritov (1994)","4","1","4","1","C2 action-effect / status quo / norm theory","Norm-theory/status-quo. Excluded.","presents the vaccination scenario, based on different cases (different risk groups and probabilties of death) : 13 out of 10,000","Between","Decision to vaccinate","Judgment","Laboratory","Students","US",41
"18","Asch et al. (1994)","1","1","1","1","C1 not an experiment","not an experiment","mothers who are vaccinators (pre-measured)","Between-subject","Decision to vaccinate/not vaccinate","Decision","Survey","Other","US",103
"18","Asch et al. (1994)","1","2","1","1","C1 not an experiment","not an experiment","mothers who are non-vaccinators(pre-measured)","Between-subject","Decision to vaccinate/not vaccinate","Decision","Survey","Other","US",103
"19","DiBonaventura & Chapman (2008)","1","1","1","1","C1 not an experiment","Focus on the correlation between omission bias and real world vaccination decision","vaccination intention against an infectious disease","Between-subject","Intention to vaccinate","intention","Survey","Working","US",270
"19","DiBonaventura & Chapman (2008)","1","1","2","1","C1 not an experiment","Focus on the correlation between omission bias and real world medication decision","medication intention against a flu","Between-subject","Intention to give medication","intention","Survey","Working","US",270
"4","Spranca et al. (1991)","5","1","1","1","B1 no clean action-inaction contrast","Unclear results, no clear contrast between omission and commission, more than one commission/omission conditions in some scenarios","Experiment 5","Within-subject","Immorality","Morality","Laboratory","Students","US",27
