"effect_id","article","published","article_no","study","sample","subgroup","dv_no","vaccination","row_description","setting","population","country","n_gross","n","exclusions","age_mean","age_sd","n_female","n_male","pct_female","pct_male","original_design","design_change","design_type","iv","action_condition","inaction_condition","collapsed","collapse_note","dv_title","dv_type","dv_group","dv_explanation","dv_format"
"E01","Spranca et al. (1991)","Yes","4","1","1","1","1","0","Experiment 1 case 1 & 2 morality ratings combined. Gilad's note: From what I understand of the text, in their reported findings they combined the cases in their reported statistics of the above, so we don’t code Case 2 separately.","Laboratory","Students","US",57,38,"They excluded the participants where omissions and commissions were equal. Leaving only 38",,,,,,,"2x3","Before and after commision conditions were collapsed to a single commission condition. Harm and no-harm outcomes were combined.","Within-subject","""In various endings of each scenario, the actor attempts to bring about the harm either through omission or commission. Subjects were asked to judge the morality of the actor in the situation.""","Combines the following two commission conditions: Before - Before Ivan makes a choice, John recommends that Ivan try the house dressing. Ivan orders it and gets a stomachache, as predicted. If John had said nothing, Ivan would have ordered Italian dressing, but John does not know this for sure. After - Ivan orders Italian dressing. John then recommends that Ivan try the house dressing. Ivan changes his mind. orders the house dressing, and gets a stomachache, as predicted.","Ivan orders the house dressing and gets a stomachache, as predicted. John says nothing. John realizes that if he had warned Ivan about the Cayenne. even after Ivan announced his choice, Ivan would have ordered Italian dressing.","Yes","Before-commission and after-commission were collapsed to one commission condition. Seems like they report the harm and no harm together.","difference scores rating of morality rating for omission minus ratings of morality for commissions.","Morality","Morality","Rate John’s morality in this situation for each of the six endings on a scale from 0 (not immoral at all) to -100 (as immoral as it is possible to be in this situation). They then chose only the ones that were not equal and compared their ratings.","scale"
"E02","Spranca et al. (1991)","Yes","4","4","1","1","1","0","Experiment 4","Laboratory","Students","US",48,48,"They collapsed all the conditions together",,,,,,,"6x2","They collapsed all the conditions to a simple contrast between action and inaction","Within-subject","""In each case, the subject was given two options to rate. The options concerned the treatment of one or more sick patients, either doing nothing or ordering a medical procedure. Each patient had a 20% chance of permanent brain damage if nothing was done, and a 15% chance if the treatment was given. In a control condition, the probabilities were reversed.""","In each case, the subject was given two options to rate. The options concerned the treatment of one or more sick patients, either doing nothing or ordering a medical procedure.","In each case, the subject was given two options to rate. The options concerned the treatment of one or more sick patients, either doing nothing or ordering a medical procedure.","Yes","2: 20%/15% versus 15%/20% odd for action-inaction; 3: Physician versus patient versus official as the decision maker","Ratings of ""goodness"" for action and inaction","Judgment","Morality","""Subjects were told to assign numbers to each option. “The number is to represent the overall goodness of the decision from your point of view, assuming that you are trying to do your job as well as possible. By ‘overall goodness’ we mean that you would always prefer decisions with higher numbers to those with lower numbers. If you assign the same numbers to two different decisions, that means that you feel it is a toss-up between them."" Subjects were also told to make sure that their numbers were comparable across cases as well as between options within each case. Subjects were told: “Use positive numbers between 0 and 100 for good decisions, negative numbers between 0 and -100 for bad decisions. 100 and -100 represent the best and worst decisions possible in this kind of situation. (If you use 100 and later want to use a higher number. or if you use — 100 and later want to use a lower number, feel free to go beyond these limits.) 0 represents a decision that is neither good nor bad.“ Subjects were also told to explain the factors that inﬂ enced their rating of each option.""","scale"
"E03","Kordes-de Vaal (1996)","Yes","13","1","1","1","1","0","Experiment 1, Scenario 1 DV: immorality (Experiment 1 is a replication of the study by Spranca etal (1991) focusing on scenario 1 and 2 of the first experiment but with adaptions to the original experiment.This row represents the results of Experiment 1, Scenario 1: the tennis tournament)","Laboratory","Students","The Netherlands",74,74,"no exclusion reported",,,,,,,"1x3","Commision with causality and commission without causality conditions were collapsed to a single commission condition in Scenario 1. Therefore,there is one omission condition and one commission condition.","Between-subject","""After reading the scenario, the subjects were asked to rate the immorality of the agent's behavior on a scale from 0 (not immoral at all) to 100 (as immoral as itis possible to be in this situation) as in Experiments 1 and 2 of Spranca et al. (1991).","Combines the following two commission conditions in Scenario 1:Commission with causality - Before Paul makes a choice, John recommends that Paul try the house dressing. Paul orders it and gets a stomachache. John wins the match. Commission without causality - Before Paul makes a choice, John recommends that Paul try the house dressing. However, Paul orders the Italian dressing. Unknown to either man, this dressing also contains Cayenne pepper. Paul gets a stomachache and John wins the match.","Omission: John is about to recommend the house dressing, but before John can say anything, Paul orders the house dressing himself. John says nothing. Paul gets a stomachache and John wins the match.","Yes","Commission with causality and commission without causality were collapsed to one commission condition.","Immorality","Morality","Morality","""to rate the immorality of the agent's behavior on a scale from 0 (not immoral at all) to 100 (as immoral as possible to be in the situation),...""","scale"
"E04","Kordes-de Vaal (1996)","Yes","13","1","1","1","2","0","Experiment 1, Scenario1, DV: responsibility (Experiment 1 is a replication of the study by Spranca etal (1991) focusing on scenario 1 of the first experiment but with adaptions to the original experiment.This row represents the results of Experiment 1, Scenario 1: the tennis tournament)","Laboratory","Students","The Netherlands",74,74,"no exclusion reported",,,,,,,"1x3","Commision with causality and commission without causality conditions were collapsed to a single commission condition in Scenario 1. Therefore,there is an omission condition and one commission condition.","Between-subject","""After reading the scenario, the subjects were asked to rate the immorality of the agent's behavior on a scale from 0 (not immoral at all) to 100 (as immoral as itis possible to be in this situation) as in Experiments 1 and 2 of Spranca et al. (1991).","Combines the following two commission conditions in Scenario 1: Commission with causality - Before Paul makes a choice, John recommends that Paul try the house dressing. Paul orders it and gets a stomachache. John wins the match. Commission without causality - Before Paul makes a choice, John recommends that Paul try the house dressing. However, Paul orders the Italian dressing. Unknown to either man, this dressing also contains Cayenne pepper. Paul gets a stomachache and John wins the match.","Omission: John is about to recommend the house dressing, but before John can say anything, Paul orders the house dressing himself. John says nothing. Paul gets a stomachache and John wins the match.","Yes","Commission with causality and commission without causality were collapsed to one commission condition.","Responsibility","Responsibility","Blame","""to what degree was the agent in the scenario responsible for what happened? Give a rating between 0 and 100 (0=absolutely not responsible, 100 = completely responsible).""","scale"
"E05","Kordes-de Vaal (1996)","Yes","13","1","1","2","1","0","Experiment 1, Scenario 2; DV: immorality (Experiment 1 is a replication of the study by Spranca etal (1991) focusing on scenario 2 of the first experiment but with adaptions to the original experiment.This row represents the results of Experiment 2, Scenario 2: the witness)","Laboratory","Students","The Netherlands",74,74,"no exclusion reported",,,,,,,"1x2","no change (one omission condition vs. one commission condition)","Between-subject","""After reading the scenario, the subjects were asked to rate the immorality of the agent's behavior on a scale from 0 (not immoral at all) to 100 (as immoral as itis possible to be in this situation) as in Experiments 1 and 2 of Spranca et al. (1991).","The following conditions in Scenario 2: Omission: Ellen is about to tell the police that Peter ignored the red light, when the police charge Peter with failure to stop. Ellen does not say anything and Peter has to pay Dfl. 5,000 for damage to Tom's car. Commission: Ellen tells the police that it was Peter who ignored the red light, not Tom. The police charge Peter with failure to stop, and he has to pay Dfl. 5,000 for damage to Tom's car.","Omission: Ellen is about to tell the police that Peter ignored the red light, when the police charge Peter with failure to stop. Ellen does not say anything and Peter has to pay Dfl. 5,000 for damage to Tom's car.","No",,"Immorality","Morality","Morality","""to rate the immorality of the agent's behavior on a scale from 0 (not immoral at all) to 100 (as immoral as possible to be in the situation),...""","scale"
"E06","Kordes-de Vaal (1996)","Yes","13","1","1","2","2","0","Experiment 1, Scenario 2, DV: responsibility (Experiment 1 is a replication of the study by Spranca etal (1991) focusing on scenario 2 of the first experiment but with adaptions to the original experiment.This row represents the results of Experiment 2, Scenario 2: the witness)","Laboratory","Students","The Netherlands",74,74,"no exclusion reported",,,,,,,"1x2","no change (one omission condition vs. one commission condition)","Between-subject","""After reading the scenario, the subjects were asked to rate the immorality of the agent's behavior on a scale from 0 (not immoral at all) to 100 (as immoral as itis possible to be in this situation) as in Experiments 1 and 2 of Spranca et al. (1991).","The following conditions in Scenario 2: Omission: Ellen is about to tell the police that Peter ignored the red light, when the police charge Peter with failure to stop. Ellen does not say anything and Peter has to pay Dfl. 5,000 for damage to Tom's car. Commission: Ellen tells the police that it was Peter who ignored the red light, not Tom. The police charge Peter with failure to stop, and he has to pay Dfl. 5,000 for damage to Tom's car.","Omission: Ellen is about to tell the police that Peter ignored the red light, when the police charge Peter with failure to stop. Ellen does not say anything and Peter has to pay Dfl. 5,000 for damage to Tom's car.","No",,"Responsibility","Responsibility","Blame","""to what degree was the agent in the scenario responsible for what happened? Give a rating between 0 and 100 (0=absolutely not responsible, 100 = completely responsible).""","scale"
"E07","Kordes-de Vaal (1996)","Yes","13","3","1","1","1","0","Experiment 3, Scenario 1, DV: responsibility (Experiment 3 is similar to the design of Experiment 1 but includes different scenarios; this row refers to Experiment 3, Scenario 1: the nurse)","Laboratory","Students","The Netherlands",80,80,"no exclusion reported",,,,,,,"1x2","no change (one omission condition vs. one commission condition)","Between-subject","""Because unintended slips or lapses were not expected to be judged as immoral, subjects were asked to give immediate ratings on how angry they expected the employer of the agent to be (0= absolutely not angry, 100 = extremly angry).""","""A nurse is about to give a patient his necessary medicine but called away for emergency. When she comes back she has forgotten where she left off and gives the medicine to the patient a second time. The patient has an unbearable stomachache the whole night through commission.""","A nurse is about to give a patient his necessary medicine when she is called away for an emergeny. When she comes back she has forgotten where she has left off and forget to give the medicine to the patient. The patient has an unbearable stomachache the whole night through omission.","No",,"Responsibility","Responsibility","Blame","""to what degree was the agent in the scenario responsible for what happened? Give a rating between 0 and 100 (0=absolutely not responsible, 100 = completely responsible).""","scale"
"E08","Kordes-de Vaal (1996)","Yes","13","3","1","2","1","0","Experiment 3, Scenario 2, DV: responsibility (Experiment 3 is similar to the design of Experiment 1 but includes different scenarios; this row refers to Experiment 3, Scenario 2: the auto-mechanic)","Laboratory","Students","The Netherlands",80,80,"no exclusion reported",,,,,,,"1x2","no change (one omission condition vs. one commission condition)","Between-subject","""Because unintended slips or lapses were not expected to be judged as immoral, subjects were asked to give immediate ratings on how angry they expected the employer of the agent to be (0= absolutely not angry, 100 = extremly angry).""","""A mechanic is repairing a motor of a new type. He does not relaize that this motor differs from the old type that he us used to. Because of this, he fixes a part as he would for the old type of motor in this motor. The motor jams and the loss for the business works out to Dfl. 5,000.""","""A mechanic is repairing a motor of a new type. He does not realize that this motor differs from the old type that he is used to. Because of this, he fails to fix an extra part that is essential for good functioning of the motor. The motorjams and the loss for the business works out to Dfl. 5,000.""","No",,"Responsibility","Responsibility","Blame","""to what degree was the agent in the scenario responsible for what happened? Give a rating between 0 and 100 (0=absolutely not responsible, 100 = completely responsible).""","scale"
"E09","Kordes-de Vaal (1996)","Yes","13","3","1","3","1","0","Experiment 3, Scenario 3, DV: responsibility (Experiment 3 is similar to the design of Experiment 1 but includes different scenarios; this row refers to Experiment 3, Scenario 3: the mechanic)","Laboratory","Students","The Netherlands",80,80,"no exclusion reported",,,,,,,"1x2","no change (one omission condition vs. one commission condition)","Between-subject","""Because unintended slips or lapses were not expected to be judged as immoral, subjects were asked to give immediate ratings on how angry they expected the employer of the agent to be (0= absolutely not angry, 100 = extremly angry).""","""A mechanic has adjusted the traffic lights at 2:00 a.m. in the morning to disturb the traffic as little as possible. In a hurry, because he wants to go to bed, he quickly sets the timer so that the traffic light would start working before rush hour. He sets it at 8:30 a.m. instead of 6:30 a.m.. however. The next morning a collision takes place, resulting in a lot of auto body damage, for which the costs are charged to the mechanic's company.""","""A mechanic has adjusted the traffic lights at 2:00 a.m. in the morning to disturb the traffic as little as possible. In a hurry, because he wants to go to bed, he neglets to reconnect the lights to the system, so that the yellow flashing light keeps burning.The next morning a collision takes place, resulting in a lot of auto body damage, for which the costs are charged to the mechanic's company.""","No",,"Responsibility","Responsibility","Blame","""to what degree was the agent in the scenario responsible for what happened? Give a rating between 0 and 100 (0=absolutely not responsible, 100 = completely responsible).""","scale"
"E10","Willemsen and Reuter (2016)","Yes","16","2","1","1","1","0","Experiment 2, is similar to scenarios used by Reuter etal (2014), we are interested mainly in the blame question rather than cause questions; this row is about action/omission resulting in a neutral outcome","On-line","General population","US",119,119,"no exclusion reported (only N=119 participants were presented the blame question; the other 128 can be ignored for now)",,,,,,,"2x2","we separated the outcome valence factor into seperate rows, 1x2 each","Between-subject","""Alice works for a company. In order to make sure that Alice is available to answer incoming phone calls, the company has issued the following policy"" ; Action condition: Alice is not permitted to log in to the central computer of the company until 1 pm (...). One morning, violating the official policy, Alice logs in to the central computer. Omission condition: Alice has to log in to the central computer of the company until 1pm (...). One morning, violating the official policy, Alice does not log in to the central computer.","Action = Alice is not permitted to log in to the central computer but she logs in (neutral result: empty email is sent) negative result: emails containing imporant customer information are deleted)","Omission = Alice has to log in to the central computer but she does not log in (neutral result: empty email is sent) negative result: emails containing imporant customer information are deleted)","No",,"Blame","Blame","Blame","""How would you evaluate Alice's logging in [not logging in] to the computer on a scalefrom 1 to 7, where '1'means ""Very blameworthy"", '4' means ""Neither blameworthy nor praiseworthy"" and '7' means ""Very praiseworthy"" ""","scale"
"E11","Willemsen and Reuter (2016)","Yes","16","2","1","2","1","0","Experiment 2, is similar to scenarios used by Reuter etal (2014), we are interested mainly in the blame question rather than cause questions; this row is about action/omission resulting in a bad outcome","On-line","General population","US",119,119,"no exclusion reported (only N=119 participants were presented the blame question; the other 128 can be ignored for now)",,,,,,,"2x2","we separated the outcome valence factor into seperate rows, 1x2 each","Between-subject","""Alice works for a company. In order to make sure that Alice is available to answer incoming phone calls, the company has issued the following policy"". Action condition: Alice is not permitted to log in to the central computer of the company until 1 pm (...). One morning, violating the official policy, Alice logs in to the central computer. Omission condition: Alice has to log in to the central computer of the company until 1pm (...). One morning, violating the official policy, Alice does not log in to the central computer.","Action = Alice is not permitted to log in to the central computer but she logs in (negative result: emails containing imporant customer information are deleted)","Omission = Alice has to log in to the central computer but she does not log in (negative result: emails containing imporant customer information are deleted)","No",,"Blame","Blame","Blame","""How would you evaluate Alice's logging in [not logging in] to the computer on a scalefrom 1 to 7, where '1'means ""Very blameworthy"", '4' means ""Neither blameworthy nor praiseworthy"" and '7' means ""Very praiseworthy"" ""","scale"
"E12","Willemsen and Reuter (2016)","Yes","16","3","1","1","1","0","Experiment 3, focuses on the rating of blame in two different pairs of scenarios. This study compares no-violation condition with violation condition. We are only interested in the rating of blame. This row refers to the no violation condition.","On-line","General population","US",116,116,"no exclusion reported",,,,,,,"2x2","we separated the violation conditions into seperate rows, 1x2 each","Between-subject","""Peter works for a sales company. He is responsible for several tasks, like answering incoming phone calls and upcoming customer information on the central computer. One morning, Peter goes through his normal routine and updates customer information on the central computer, when suddenly a window pops up."" Action = Peter reads the text, which states ""All customer information will be deleted.If you would like to continue, click on 'delete'."" - Peter clicks on 'delete' and all customer information are deleted from  the central computer. The company loses important customer information."" Omission = Peter reads the text, which states ""In 30 seconds, all customer information will be deleted.If you would like to abort, click on 'cancel'."" - Peter does not click on 'cancel' and all customer information are deleted from the central computer. The company loses important customer information.""","Action = Peter reads the text, which states ""All customer information will be deleted.If you would like to continue, click on 'delete'."" - Peter clicks on 'delete' and all customer information are deleted from the central computer. The company loses important customer information.""","Omission = Peter reads the text, which states ""IN 30 seconds, all customer information will be deleted.If you would like to abort, click on 'cancel'."" - Peter does not click on 'cancel' and all customer information are deleted from the central computer. The company loses important customer information.""","No",,"Blame","Blame","Blame","The same question of blame is used as in Experiment 2","scale"
"E13","Willemsen and Reuter (2016)","Yes","16","3","1","2","1","0","Experiment 3, focuses on the rating of blame in two different pairs of scenarios. This study compares no rule-violation condition with violation condition. We are only interested in the rating of blame. This row refers to the rule violation condition.","On-line","General population","US",116,116,"no exclusion reported",,,,,,,"2x2","we separated the violation conditions into seperate rows, 1x2 each","Between-subject","""Peter works for a sales company. He is responsible for several tasks, like answering incoming phone calls and upcoming customer information on the central computer.   For someone unknown reason, the central computer us currently malfunctioning. Every now and then, when someone updates customer information, a window pops up."" Action = ""All customer information will be deleted. If you would like to continue, click on 'delete'. In order to avoid the deletion of customer information, the company has issued the following policy: When this window popos up, do not click on 'delete' - Peter violates the official policy, Peter clicks on 'delete' and all customer information are deleted.  Omission = ""In 30 seconds, all customer information will be deleted. If you would like to abort, click on 'cancel'. In order to avoid the deletion of customer information, the company has issued the following policy: When this window popos up, do not click on 'cancel' - Peter violates the official policy, Peter does not click on 'cancel' and all customer information are deleted.","Action = ""All customer information will be deleted. If you would like to continue, click on 'delete'. In order to avoid the deletion of customer information, the company has issued the following policy: When this window popos up, do not click on 'delete' - Peter violates the official policy, Peter clicks on 'delete' and all customer information are deleted.","Omission = ""In 30 seconds, all customer information will be deleted. If you would like to abort, click on 'cancel'. In order to avoid the deletion of customer information, the company has issued the following policy: When this window popos up, do not click on 'cancel' - Peter violates the official policy, Peter does not click on 'cancel' and all customer information are deleted.","No",,"Blame","Blame","Blame","The same question of blame is used as in Experiment 2","scale"
"E14","DeScioli et al. (2011)","Yes","7","1","2","1","1","0","Punisher (Person Z) rate takers (Person Y)","On-line","General population","US",41,41,"Only participants who were assigned Person Z DF = 40",,42805,,,55,45,"2x3","we are only interested in the difference between omission and commission and therefore exclude the ""altruistical""-condition (control condition) and exclude also the punishment/no-punishment conditions in the analysis - this row is about the moraly wrongness rating from the ""punisher"" perspective","Within-subject","the owner. Thus, the possible payoffs, written as (taker’s payoff, owner’s payoff), were (10¢, 90¢) and (90¢, 10¢). We refer to the former choice, (10¢, 90¢), as “altruistic” because that division favors the owner, and we refer to the latter choice, (90¢, 10¢), as “selfish” because that division favors the taker. To create the opportunity for omission, we presented participants with a timer that gave them 15 s to make a decision; if the timer was allowed to expire, then the entire dollar would be allocated to the taker, but with a 15¢ cost for timing out, leading to an (85¢, 0¢) omission payoff. Note that the payoffs in this case were worse than the selfish commission payoffs for both the taker and the owner. In the punishment condition, there was a second stage in which a third party could punish the taker on the basis of the taker’s behavior (at no cost), deducting any amount up to 30¢ from the taker’s payoffs.","Action = payoff (90c, 10c) favors the taker or (10c,90c) altruistic condition","Omission =  pp are presented with a timer that gave them 15 seconds to make a decision; if the timer was allowed to expire, then the entire dollar would be allocated to the taker, but with a 15 c cost for timing out, leading to an (85c,0c) omission payoff (important: the payoffs in this case were worse than the selfish commission payoffs for both the taker and the owner).","No",,"Moral wrongness","Wrongness","Morality","Participants are asked to rate the moral wrongness of the choice on a 7-point scale ranging from 1, not morally wrong at all, to 7, very morally wrong","scale"
"E15","DeScioli et al. (2011)","Yes","7","1","3","1","1","0","Owner (Person X) rate takers (Person Y)","On-line","General population","US",95,95,"Only participants who were assigned Person x DF = 94",,42805,,,55,45,"2x3","we are only interested in the difference between omission and commission and therefore exclude the ""altruistical""-condition (control condition) and exclude also the punishment/no-punishment conditions in the analysis - this row is about the moral wrongness rating from the ""owner"" perspective","Within-subject","the owner. Thus, the possible payoffs, written as (taker’s payoff, owner’s payoff), were (10¢, 90¢) and (90¢, 10¢). We refer to the former choice, (10¢, 90¢), as “altruistic” because that division favors the owner, and we refer to the latter choice, (90¢, 10¢), as “selfish” because that division favors the taker. To create the opportunity for omission, we presented participants with a timer that gave them 15 s to make a decision; if the timer was allowed to expire, then the entire dollar would be allocated to the taker, but with a 15¢ cost for timing out, leading to an (85¢, 0¢) omission payoff. Note that the payoffs in this case were worse than the selfish commission payoffs for both the taker and the owner. In the punishment condition, there was a second stage in which a third party could punish the taker on the basis of the taker’s behavior (at no cost), deducting any amount up to 30¢ from the taker’s payoffs.","Action = payoff (90c, 10c) favors the taker or (10c,90c) altruistic condition","Omission =  pp are presented with a timer that gave them 15 seconds to make a decision; if the timer was allowed to expire, then the entire dollar would be allocated to the taker, but with a 15 c cost for timing out, leading to an (85c,0c) omission payoff (important: the payoffs in this case were worse than the selfish commission payoffs for both the taker and the owner).","No",,"Moral wrongness","Wrongness","Morality","Participants are asked to rate the moral wrongness of the choice on a 7-point scale ranging from 1, not morally wrong at all, to 7, very morally wrong","scale"
"E16","DeScioli et al. (2011)","Yes","7","2","1","3","1","0","Punisher (Person Z) rate takers (Person Y)","On-line","General population","US",39,39,"Only participants who were assigned Person Z DF = 38",31.6,42805,,,49,51,"2x4","we are only interested in the difference between omission and commission and therefore exclude the ""altruistical""-condition (control condition) and exclude also the punishment/no-punishment conditions in the analysis - this row is about the moral wrongness rating from the ""punisher"" perspective","Within-subject","same as Experiment 1 but an additional condition which is unbiased: 50c, 50c. / the owner. Thus, the possible payoffs, written as (taker’s payoff, owner’s payoff), were (10¢, 90¢) and (90¢, 10¢). We refer to the former choice, (10¢, 90¢), as “altruistic” because that division favors the owner, and we refer to the latter choice, (90¢, 10¢), as “selfish” because that division favors the taker. To create the opportunity for omission, we presented participants with a timer that gave them 15 s to make a decision; if the timer was allowed to expire, then the entire dollar would be allocated to the taker, but with a 15¢ cost for timing out, leading to an (85¢, 0¢) omission payoff. Note that the payoffs in this case were worse than the selfish commission payoffs for both the taker and the owner. In the punishment condition, there was a second stage in which a third party could punish the taker on the basis of the taker’s behavior (at no cost), deducting any amount up to 30¢ from the taker’s payoffs.","Action = payoff (90c, 10c) favors the taker or (10c,90c) altruistic condition","Omission =  pp are presented with a timer that gave them 15 seconds to make a decision; if the timer was allowed to expire, then the entire dollar would be allocated to the taker, but with a 15 c cost for timing out, leading to an (85c,0c) omission payoff (important: the payoffs in this case were worse than the selfish commission payoffs for both the taker and the owner).","No",,"Moral wrongness","Wrongness","Morality","Participants are asked to rate the moral wrongness of the choice on a 7-point scale ranging from 1, not morally wrong at all, to 7, very morally wrong","scale"
"E17","DeScioli et al. (2011)","Yes","7","2","1","4","1","0","Owner (Person X) rate takers (Person Y)","On-line","General population","US",77,77,"Only participants who were assigned Person x DF = 76",31.6,42805,,,49,51,"2x4","we are only interested in the difference between omission and commission and therefore exclude the ""altruistical""-condition (control condition) & unbiased condition (50c,50c) and exclude also the punishment/no-punishment conditions in the analysis - this row is about the moral wrongness rating from the ""owner"" perspective","Within-subject","same as Experiment 1 but an additional condition which is unbiased: 50c, 50c. / the owner. Thus, the possible payoffs, written as (taker’s payoff, owner’s payoff), were (10¢, 90¢) and (90¢, 10¢). We refer to the former choice, (10¢, 90¢), as “altruistic” because that division favors the owner, and we refer to the latter choice, (90¢, 10¢), as “selfish” because that division favors the taker. To create the opportunity for omission, we presented participants with a timer that gave them 15 s to make a decision; if the timer was allowed to expire, then the entire dollar would be allocated to the taker, but with a 15¢ cost for timing out, leading to an (85¢, 0¢) omission payoff. Note that the payoffs in this case were worse than the selfish commission payoffs for both the taker and the owner. In the punishment condition, there was a second stage in which a third party could punish the taker on the basis of the taker’s behavior (at no cost), deducting any amount up to 30¢ from the taker’s payoffs.","Action = payoff (90c, 10c) favors the taker or (10c,90c) altruistic condition","Omission =  pp are presented with a timer that gave them 15 seconds to make a decision; if the timer was allowed to expire, then the entire dollar would be allocated to the taker, but with a 15 c cost for timing out, leading to an (85c,0c) omission payoff (important: the payoffs in this case were worse than the selfish commission payoffs for both the taker and the owner).","No",,"Moral wrongness","Wrongness","Morality","Participants are asked to rate the moral wrongness of the choice on a 7-point scale ranging from 1, not morally wrong at all, to 7, very morally wrong","scale"
"E18","Baron and Ritov (2004)","Yes","9","1","1","1","1","1","same consequences (equally likely). DV: decision to omit or to act","On-line","General population","US",112,112,"no exclusion reported",,,,,76,24,"2x2x2x2x2","we separated the equal-option condition + indirect-cause condition into different rows and ignored all other factors; we focus on contrast omission and commission; 1x2 each","Within-subject","the consequences of the two options are the same (direct vs. indirect cause option)","Action = decide for treatment","Omission = decide not to treat against the viral disease","No","However, the direct-cause option is ignored now since there are not enough statistical information","Decision for omission or commission","Decision","Decision","""How would you make this decision for your patient? (I would choose the standard treatment, It is a toss up, I would choose the alternative)"". ""Because each question had three answers,one of which was neutral, we treated all measures as 1 (favoring the hypothesis of omission bias or normality), 0, or -1 (opposing the hypothesis). We calculated the mean score for each subject of the relevant cases. The means thus ranged from 1 to -1."" Coding: 1 favoring omission, 0 neutral, -1 not favoring omission","scale"
"E19","Baron and Ritov (2004)","Yes","9","1","1","1","2","1","same consequences (equally likely).  DV: blame","On-line","General population","US",112,112,"no exclusion reported",,,,,76,24,"2x2x2x2x2","we separated the equal-option condition + indirect-cause condition into different rows and ignored all other factors; we focus on contrast omission and commission; 1x2 each","Within-subject","the consequences of the two options are the same (direct vs. indirect cause option)","Action = decide for treatment","Omission = decide not to treat against the viral disease","No","However, the direct-cause option is ignored now since there are not enough statistical information","Blame","Blame","Blame","""Who do you think would more likely to be blamed if a patient died? (A doctor who chose the standard treatment, Equally likely,or not likely at all, a doctor who chose the alternative)"". ""Because each question had three answers,one of which was neutral, we treated all measures as 1 (favoring the hypothesis of omission bias or normality), 0, or -1 (opposing the hypothesis). We calculated the mean score for each subject of the relevant cases. The means thus ranged from 1 to -1."" Coding: 1 favoring omission, 0 neutral, -1 not favoring omission","scale"
"E20","Cushman and Young (2011)","Yes","25","1","1","1","1","0","moral scenarios","Laboratory","Students","US",20,20,"no exclusion reported. (40 participants are recruited and divided into two for ""moral"" vs. ""nonmoral"" scenario conditions; we are only interested in the moral scenario and therefore include N=20=",,,,,,,"2x3","we separated the moral vs. nonmoral scenario conditions and ignored IVs intention and causality; we are only interested in omisson/commission contrasts and morality","Within-subject","Moral action: Ed is driving five sick people to the hospital with a cord hanging out the side of his car. He approaches a rock climber resting by the side of the road. If he does not slow down, the climber will be knocked of the road by the cord and fall down a steep cliff. If he does slow down, the five sick people will die before they reach the hospital. Ed keeps driving quickly and knocks the rock climber off the side of the road. - Moral inaction: Jack is driving five sick people to the hospital with a cord hanging out the side of his car. He approaches a rock climber who is about to fall off the side of the road and down a steep cliff. If he slows down, the rock climber can use the cord to prevent himself from falling, but the five sick people will die before they reach the hospital. Ed keeps driving quickly and the climber falls off the side of the road.","Action = Ed keeps driving quickly and knocks the rock climber off the side of the road","Omission = Ed keeps driving quickly and the climber falls off the side of the road","No",,"Morality rating (permissibility)","Judgment","Morality","""Does the subject judge Ed to have acted morally worse than Jack?"" and had to rate the permissibility of action/inaction on a scale from 1 = Forbidden, 4 = Permissible, and 7 = Obligatory","scale"
"E21","Cushman and Young (2011)","Yes","25","1","1","2","1","0","nonmoral scenarios","Laboratory","Students","US",20,20,"no exclusion reported. (40 participants are recruited and divided into two for ""moral"" vs. ""nonmoral"" scenario conditions; we are only interested in the moral scenario and therefore include N=20=",,,,,,,"2x3","we separated the moral vs. nonmoral scenario conditions and ignored IVs intention and causality; we are only interested in omisson/commission contrasts and morality","Within-subject","Nonmoral action: Ed is driving to the theater with a cord hanging out the side of his car. He approaches a rock resting by the side of the road. If he does not slow down, the rock will be knocked off the road by the cord and fall down a steep cliff. If he does slow down, he’ll be late to the theater. Ed keeps driving quickly and knocks the rock off the side of the road  - Nonmoral inaction: Jack is driving to the theater with a cord hanging out the side of his car. He approaches a rock that is about to fall off the side of the road and down a steep cliff. If he slows down, the cord will block the path of the rock and prevent it from falling, but Ed will be late to the theater. Ed keeps driving quickly and the rock falls off the side of the road.","Action = Ed keeps driving quickly and knocks the rock climber off the side of the road","Omission = Ed keeps driving quickly and the climber falls off the side of the road","No",,"Morality rating (permissibility)","Judgment","Morality","""Does the subject judge Ed to have acted morally worse than Jack?"" and had to rate the permissibility of action/inaction on a scale from 1 = Forbidden, 4 = Permissible, and 7 = Obligatory","scale"
"E22","DeScioli et al. (2012)","Yes","38","1","1","1","1","0","buy sex","Laboratory","Students","US",151,143,"participants viewing neither commission nor omission as wrong",19.35,1.98,103,48,,,"2x2",,"Within-subject","Buy Sex","ALEX goes to a massage parlor. After the massage is over, Alex pays the masseuse an extra $20 to perform oral sex on him. From https://mafiadoc.com/omissions-and-byproducts-across-moral-domains-plos_5c59e5c2097c476f2a8b45ef.html (P.1)","AARON goes to a massage parlor. After the massage is over, Aaron gives the masseuse a $20 tip. She begins to perform oral sex on him and he does not stop her. From https://mafiadoc.com/omissions-and-byproducts-across-moral-domains-plos_5c59e5c2097c476f2a8b45ef.html (P.1)","No",,"Moral wrongness","Wrongness","Morality","""How morally wrong is the action?"" by rating wrongness on a scale from 0 (not wrong at all) to 100 (most wrong).","scale"
"E23","DeScioli et al. (2012)","Yes","38","1","1","2","1","0","cannabalism","Laboratory","Students","US",151,139,"participants viewing neither commission nor omission as wrong",19.35,1.98,103,48,,,"2x2",,"Within-subject","Cannablism","JOHN is at a restaurant in Fiji. He is given a small piece of meat. The moment before he takes a bite, he is told that the dish is made of human flesh. He takes a bite and swallows it.  From https://mafiadoc.com/omissions-and-byproducts-across-moral-domains-plos_5c59e5c2097c476f2a8b45ef.html (P.1)","JEREMY is at a restaurant in Fiji. He is given a small piece of meat. The moment after he takes a bite, he is told that the dish is made of human flesh. He swallows it nonetheless.  From https://mafiadoc.com/omissions-and-byproducts-across-moral-domains-plos_5c59e5c2097c476f2a8b45ef.html (P.1)","No",,"Moral wrongness","Wrongness","Morality","""How morally wrong is the action?"" by rating wrongness on a scale from 0 (not wrong at all) to 100 (most wrong).","scale"
"E24","DeScioli et al. (2012)","Yes","38","1","1","3","1","0","cheating","Laboratory","Students","US",151,150,"participants viewing neither commission nor omission as wrong",19.35,1.98,103,48,,,"2x2",,"Within-subject","Cheating","SARAH is taking an exam and sitting next to Mark, who is very smart. Sarah asks Mark to tell her the correct answers, and he does so.  From https://mafiadoc.com/omissions-and-byproducts-across-moral-domains-plos_5c59e5c2097c476f2a8b45ef.html (P.1)","SALLY is taking and exam and sitting next to Mark, who is very smart. Mark tells Sally the answers and she does not stop him.  From https://mafiadoc.com/omissions-and-byproducts-across-moral-domains-plos_5c59e5c2097c476f2a8b45ef.html (P.1)","No",,"Moral wrongness","Wrongness","Morality","""How morally wrong is the action?"" by rating wrongness on a scale from 0 (not wrong at all) to 100 (most wrong).","scale"
"E25","DeScioli et al. (2012)","Yes","38","1","1","4","1","0","child porn","Laboratory","Students","US",151,150,"participants viewing neither commission nor omission as wrong",19.35,1.98,103,48,,,"2x2",,"Within-subject","Child Porn","FRED is searching for porn on the internet. He clicks on a link that says “On the Playground” with pictures of small children. As the movie plays, it is clearly child pornography. Fred watches the movie.  From https://mafiadoc.com/omissions-and-byproducts-across-moral-domains-plos_5c59e5c2097c476f2a8b45ef.html (P.1)","FRANK is searching for porn on the internet. A pop-up appears and begins playing a movie called, “On the Playground” with pictures of small children. It is clearly child pornography. Frank does not close the pop-up window.  From https://mafiadoc.com/omissions-and-byproducts-across-moral-domains-plos_5c59e5c2097c476f2a8b45ef.html (P.1)","No",,"Moral wrongness","Wrongness","Morality","""How morally wrong is the action?"" by rating wrongness on a scale from 0 (not wrong at all) to 100 (most wrong).","scale"
"E26","DeScioli et al. (2012)","Yes","38","1","1","5","1","0","flag-burning","Laboratory","Students","US",151,135,"participants viewing neither commission nor omission as wrong",19.35,1.98,103,48,,,"2x2",,"Within-subject","Flag-burning","BRYAN is American. He sees an American flag lying on the ground next to a trashcan, and he throws his cigarette on it, causing it to burn.   From https://mafiadoc.com/omissions-and-byproducts-across-moral-domains-plos_5c59e5c2097c476f2a8b45ef.html (P.1)","BRUCE is American. He throws his cigarette at a trashcan, but it falls on an American flag lying on the ground next to it. Bruce could put out the cigarette, but he does not, causing the flag to burn.  From https://mafiadoc.com/omissions-and-byproducts-across-moral-domains-plos_5c59e5c2097c476f2a8b45ef.html (P.1)","No",,"Moral wrongness","Wrongness","Morality","""How morally wrong is the action?"" by rating wrongness on a scale from 0 (not wrong at all) to 100 (most wrong).","scale"
"E27","DeScioli et al. (2012)","Yes","38","1","1","6","1","0","group sex","Laboratory","Students","US",151,147,"participants viewing neither commission nor omission as wrong",19.35,1.98,103,48,,,"2x2",,"Within-subject","Group Sex","BILL is sitting in the living room. His wife, Jen, is in the bedroom. His wife’s friends arrive at the house, walk into the bedroom, and start having sex with Jen. Bill does not interact with Jen's friends. Bill enters the bedroom, has sex with Jen while she is having sex with her friends, and as a result, he participates in group sex.   From https://mafiadoc.com/omissions-and-byproducts-across-moral-domains-plos_5c59e5c2097c476f2a8b45ef.html (P.1)","BOB is having sex with his wife Ashley. His wife’s friends arrive at the house, walk into the bedroom, and start having sex with Ashley. Bob does not interact with Ashley's friends. Bob continues to have sex with Ashley while she is having sex with her friends, and as a result, he participates in group sex.  From https://mafiadoc.com/omissions-and-byproducts-across-moral-domains-plos_5c59e5c2097c476f2a8b45ef.html (P.1)","No",,"Moral wrongness","Wrongness","Morality","""How morally wrong is the action?"" by rating wrongness on a scale from 0 (not wrong at all) to 100 (most wrong).","scale"
"E28","DeScioli et al. (2012)","Yes","38","1","1","7","1","0","injury","Laboratory","Students","US",151,151,"participants viewing neither commission nor omission as wrong",19.35,1.98,103,48,,,"2x2",,"Within-subject","Injury","A man is on a ladder, fixing the roof of his house. JASON walks by and pushes the ladder down, causing the man to fall and break his leg.   From https://mafiadoc.com/omissions-and-byproducts-across-moral-domains-plos_5c59e5c2097c476f2a8b45ef.html (P.1)","A man is on a ladder, fixing the roof of his house. JACK walks by and the ladder begins to fall. Jack could stop the ladder, but he does not, causing the man to fall and break his leg.  From https://mafiadoc.com/omissions-and-byproducts-across-moral-domains-plos_5c59e5c2097c476f2a8b45ef.html (P.1)","No",,"Moral wrongness","Wrongness","Morality","""How morally wrong is the action?"" by rating wrongness on a scale from 0 (not wrong at all) to 100 (most wrong).","scale"
"E29","DeScioli et al. (2012)","Yes","38","1","1","8","1","0","littering","Laboratory","Students","US",151,105,"participants viewing neither commission nor omission as wrong",19.35,1.98,103,48,,,"2x2",,"Within-subject","Littering","CATHERINE is in a national park. She takes a piece of paper out of her purse, throws it on the ground, and continues walking.   From https://mafiadoc.com/omissions-and-byproducts-across-moral-domains-plos_5c59e5c2097c476f2a8b45ef.html (P.1)","CHRISTINE is in a national park. A piece of paper falls out of her purse, she sees this, and continues walking.  From https://mafiadoc.com/omissions-and-byproducts-across-moral-domains-plos_5c59e5c2097c476f2a8b45ef.html (P.1)","No",,"Moral wrongness","Wrongness","Morality","""How morally wrong is the action?"" by rating wrongness on a scale from 0 (not wrong at all) to 100 (most wrong).","scale"
"E30","DeScioli et al. (2012)","Yes","38","1","1","9","1","0","marijuana","Laboratory","Students","US",151,106,"participants viewing neither commission nor omission as wrong",19.35,1.98,103,48,,,"2x2",,"Within-subject","Marijuana","KELLY is at a party. In a small room, a group of people begins smoking a large amount of marijuana. Kelly sees this, enters the room, and, as a result, gets high from the smoke.  From https://mafiadoc.com/omissions-and-byproducts-across-moral-domains-plos_5c59e5c2097c476f2a8b45ef.html (P.2)","KRISTEN is at a party. In a small room, a group of people begins smoking a large amount of marijuana. Kristen is already in the room and stays, and, as a result, gets high from the smoke.  From https://mafiadoc.com/omissions-and-byproducts-across-moral-domains-plos_5c59e5c2097c476f2a8b45ef.html (P.2)","No",,"Moral wrongness","Wrongness","Morality","""How morally wrong is the action?"" by rating wrongness on a scale from 0 (not wrong at all) to 100 (most wrong).","scale"
"E31","DeScioli et al. (2012)","Yes","38","1","1","10","1","0","sell sex","Laboratory","Students","US",151,147,"participants viewing neither commission nor omission as wrong",19.35,1.98,103,48,,,"2x2",,"Within-subject","Sell Sex","EVA meets an attractive young man at a bar. He asks Eva to accompany him back to his hotel room and she agrees. They have consensual, protected sex. Afterwards, Eva asks man to leave $300 on the nightstand.   From https://mafiadoc.com/omissions-and-byproducts-across-moral-domains-plos_5c59e5c2097c476f2a8b45ef.html (P.2)","ELIZABETH meets an attractive young man at a bar. He asks Elizabeth to accompany him back to his hotel room and she agrees. They have consensual, protected sex. Afterwards, the man puts $300 on the nightstand; Elizabeth makes no objection.  From https://mafiadoc.com/omissions-and-byproducts-across-moral-domains-plos_5c59e5c2097c476f2a8b45ef.html (P.2)","No",,"Moral wrongness","Wrongness","Morality","""How morally wrong is the action?"" by rating wrongness on a scale from 0 (not wrong at all) to 100 (most wrong).","scale"
"E32","DeScioli et al. (2012)","Yes","38","1","1","11","1","0","theft","Laboratory","Students","US",151,151,"participants viewing neither commission nor omission as wrong",19.35,1.98,103,48,,,"2x2",,"Within-subject","Theft","REBECCA is shopping at a local grocery store. After she buys her items, she takes an extra $20 from the cash register while the cashier is busy. She walks out of the store with the money. From https://mafiadoc.com/omissions-and-byproducts-across-moral-domains-plos_5c59e5c2097c476f2a8b45ef.html (P.2)","RACHEL is shopping at a local grocery store. After she buys her items, she sees that the cashier gave her an extra $20 but she does not say anything. She walks out of the store with the money.  From https://mafiadoc.com/omissions-and-byproducts-across-moral-domains-plos_5c59e5c2097c476f2a8b45ef.html (P.2)","No",,"Moral wrongness","Wrongness","Morality","""How morally wrong is the action?"" by rating wrongness on a scale from 0 (not wrong at all) to 100 (most wrong).","scale"
"E33","DeScioli et al. (2012)","Yes","38","1","1","12","1","0","euthanasia","Laboratory","Students","US",151,125,"participants viewing neither commission nor omission as wrong",19.36,1.99,103,48,,,"2x2",,"Within-subject","Euthanasia","Dr. SMITH is standing next to his patient, who has expressed a wish to die. Dr. Smith turns off the respirator, which is keeping the patient alive. The patient dies  From https://mafiadoc.com/omissions-and-byproducts-across-moral-domains-plos_5c59e5c2097c476f2a8b45ef.html (P.2)","Dr. SCOTT is standing next to his patient, who has expressed a wish to die. The patient becomes unable to breathe on his own. Dr. Scott does not turn on the respirator, which would keep the patient alive. The patient dies   From https://mafiadoc.com/omissions-and-byproducts-across-moral-domains-plos_5c59e5c2097c476f2a8b45ef.html (P.2)","No",,"Moral wrongness","Wrongness","Morality","""How morally wrong is the action?"" by rating wrongness on a scale from 0 (not wrong at all) to 101 (most wrong).","scale"
"E34","Baron and Miller (2000)","Yes","59","1","1","1","1","0","Indians","Laboratory","Students","India",50,50,"no exclusion reported - only pp from India (120 pp alltogether, but 50 from India)",,,25,25,,,,,"Within-subject","""All the questions belowrefer to situations where someone is dying of a rare disease and could be saved by a bone marrowtransplant. Donating bone marrowis not a painful or risky procedure. However, for a transplant to be successful, the marrow must be of a certain type. The questions refer to cases in which someone has the needed type of marrow and learns of the other’s need from a newspaper article."" - according to Section 4:  ""the friend who does not say anything to the person about donating"" versus "" the friend who tells the person not to donate""","Action = the friend who tells the person not to donate","Omission = the friend who says nothing, knowing that the donor would donate only if advised","No",,"Rating of donation","Judgment","Decision","ratings are based on a 7-point scale (1=very wrong, 4=neutral, 7 = very good) - however the results are reported in counts - results relevant for us are reported in counts based on the scale, they grouped people into omission vs.commission vs. neutral","scale"
"E35","Baron and Miller (2000)","Yes","59","1","2","1","1","0","Americans","Laboratory","Students","US",70,70,"no exclusion reported - only pp from India (120 pp alltogether, but 70 from US)",,,42,28,,,,,"Within-subject","""All the questions below refer to situations where someone is dying of a rare disease and could be saved by a bone marrow transplant. Donating bone marrow is not a painful or risky procedure. However, for a transplant to be successful, the marrow must be of a certain type. The questions refer to cases in which someone has the needed type of marrow and learns of the other’s need from a newspaper article."" - according to Section 4:  ""the friend who does not say anything to the person about donating"" versus "" the friend who tells the person not to donate""","Action = the friend who tells the person not to donate","Omission = the friend who says nothing, knowing that the donor would donate only if advised","No",,"Rating of donation","Judgment","Decision","ratings are based on a 7-point scale (1=very wrong, 4=neutral, 7 = very good) - however the results are reported in counts - results relevant for us are reported in counts based on the scale, they grouped people into omission vs.commission vs. neutral","scale"
"E36","Bergstrand (2014)","Yes","41","2","1","1","1","0","The study is about reactions towards grievances and a campaign that seeks to adress them; grievances resulting form omission and commission are compared,DV: Morality","Laboratory","Students","US",120,115,"5 pp were excluded because of missing data in results",,,82,33,,,,,"Between-subject","pp had to read the given grievance campaign and answer some questions (commission vs. omission conditions)","Action = “We are a group of concerned community members. Every year dogs suffer because people who no longer want pets abandon them, and the dogs wander the streets. We want to end this practice and are lobbying for stricter laws and punishments regarding this issue.”","Omission = “We are a group of concerned community members. Every year dogs suffer because people who no longer want pets do not repair fences, and the dogs wander the streets. We want to end this practice and are lobbying for stricter laws and punishments regarding this issue.”","No",,"Morality","Morality","Morality","PP are asked if the act was morally wrong. Scale: 1= not at all wrong to 7 = extremly wrong","scale"
"E37","Bergstrand (2014)","Yes","41","2","1","1","2","0","The study is about reactions towards grievances and a campaign that seeks to adress them; grievances resulting form omission and commission are compared, DV: Blame","Laboratory","Students","US",120,115,"5 pp were excluded because of missing data in results",,,82,33,,,,,"Between-subject","attribution of blame","Action = “We are a group of concerned community members. Every year dogs suffer because people who no longer want pets abandon them, and the dogs wander the streets. We want to end this practice and are lobbying for stricter laws and punishments regarding this issue.”","Omission = “We are a group of concerned community members. Every year dogs suffer because people who no longer want pets do not repair fences, and the dogs wander the streets. We want to end this practice and are lobbying for stricter laws and punishments regarding this issue.”","No",,"Blame","Blame","Blame","PP are asked how much these pets owners were to blame for the dogs being on the street . Scale: 1 = not at all to 7 = completely","scale"
"E38","Blahunka (2014)","No","29","1","1","1","1","0","The study presents different moral scenarios and investigates the role of intentionality and omission bias - however we only focus on the omission-commission contrast and ignore all other factors assessed in this study","Laboratory","Students","US",54,50,"errors due to counterbalancing",,,41,9,,,"5x2x2x4","we exclude all factors and reduce the design to a moral dilemma and omission/commission preference, 1x2 row","Within-subject","pp are presented with 5 different moral domains (4 conditions per domain = 20 conditions)","Action = can not be specified here since the scenarios are compromised","Omission = can not be specified here since the scenarios are compromised","Yes","all different moral scenarios were summarized as 'one' in the results; they do not report the results of each scenario","Morality","Morality","Morality","PP are asked how morally wrong a certain condition is based on a scale from 1 (not morally wrong at all) to 7 (very wrong)","scale"
"E39","Jamison et al. (2020)","Yes","66","1","1","1","1","0","a replication of the study by Spranca et al (1991) with some adaptions, key change - from within-subject design in original to between-subject design in replication, this row represents the tennis tournament scenario, DV: morality","On-line","General population","US",313,313,"no exclusion reported",36.37,11.91,157,156,,,"3x2","before and after commision conditions are collapsed to one commission condition. Harm and no-harm outcomes are combined.","Between-subject","In various endings of the tennis tournament scenario, the actor attempts to bring about the harm either through omission or commission. Subjects were asked to judge the morality of the actor in the situation.","Action = recommend the house dressing to which the victim is allergic","Omission = saying nothing","Yes","as in the original study, the both commission conditions are collapsed to one commission condition and harm/no-harm outcomes are put together","Morality","Morality","Morality","PP were asked to rate the morality of the actor based on a scale from  -100 (as immoral as possible to be in this situation) to 0 (notimoral at all)","scale"
"E40","Jamison et al. (2020)","Yes","66","1","1","1","2","0","a replication of the study by Spranca et al (1991) with some adaptions, key change - from within-subject design in original to between-subject design in replication, this row represents the tennis tournament scenario, DV: responsibility","On-line","General population","US",313,313,"no exclusion reported",36.37,11.91,157,156,,,"3x2","before and after commision conditions are collapsed to one commission condition. Harm and no-harm outcomes are combined.","Between-subject","In various endings of the tennis tournament scenario, the actor attempts to bring about the harm either through omission or commission. Subjects were asked to judge the morality of the actor in the situation.","Action = recommend the house dressing to which the victim is allergic","Omission = saying nothing","Yes","as in the original study, the both commission conditions are collapsed to one commission condition and harm/no-harm outcomes are put together","Responsibility","Responsibility","Blame","PP were asked to give an amount of money for the victim as a compensation for the experienced harm. They were allowed to give any amount of their choice.","scale"
"E41","Jamison et al. (2020)","Yes","66","1","1","2","1","0","a replication of the study by Spranca et al (1991) with some adaptions, key change -  from within-subject design in original to between-subject design in replication, this row represents the witnes scenario, DV: morality","On-line","General population","US",313,313,"no exclusion reported",36.37,11.91,157,156,,,"2x2","harm/no harm outcomes are combined","Between-subject","In various endings of the witness scenario, the actor attempts to bring about the harm either through omission or commission. Subjects were asked to judge the morality of the actor in the situation.","Action = telling the truth to the police","Omission = saying nothing","Yes","harm-no harm outcomes are collapsed","Morality","Morality","Morality","PP were asked to rate the morality of the actor based on a scale from  -100 (as immoral as possible to be in this situation) to 0 (notimoral at all)","scale"
"E42","Jamison et al. (2020)","Yes","66","1","1","2","2","0","a replication of the study by Spranca et al (1991) with some adaptions - key change -  from within-subject design in original to between-subject design in replication, this row represents the witnes scenario , DV: responsibility","On-line","General population","US",313,313,"no exclusion reported",36.37,11.91,157,156,,,"2x2","harm/no harm outcomes are combined","Between-subject","In various endings of the witness scenario, the actor attempts to bring about the harm either through omission or commission. Subjects were asked to judge the morality of the actor in the situation.","Action = telling the truth to the police","Omission = saying nothing","Yes","harm-no harm outcomes are collapsed","Responsibility","Responsibility","Blame","PP were asked to give an amount of money for the victim as a compensation for the experienced harm. They were allowed to give any amount of their choice.","scale"
"E43","Hayashi (2015)","Yes","17","1","1","1","1","0","This study refers to an antisocial condition (good outcome for protagonist and bad outcome for another person through commission or omission) - focus on second graders","Laboratory","Other","Japan",81,77,"these pp gave incorrect responses or failed to respond",8.17,,46,35,,,"2x2","we are only interested in the morality judgment of omission/commission contrast; we separated antisocial conditions vs. selfish condition into different rows, 1x2 each","Within-subject","Antisocial condition (harm done to another person by producing a good outcome for the protagonist and a bad outcome for another person,i.e. the boy's comission or omission allowed him to eat chocolate alone, and the girl could not eat the chocolate).","Action = ""A boy and girl found chocolates in the regrigerator togehter. After the girl left the room , their mother moved the chocolates from the refrigerator to the cupboard. The boy watched this. The mother went out. The boy wanted to eat all the chocolate himself. The girl came back to eat the chocolates, but notices that they were not inthe refrigerator. So she asked the boy, 'Do you know where the chocolates are'?He replied, 'I don't know'. The girl felt sad and left. The boy took the chocolates from the cupboard and ate them all himself.""","Omission = Identical except for changing 'So she asked the boy, ""Do you know where the chocolates are?' The boy replied, ""I don't know"". to But she did not ask the boy where they were. So he did not tell her that they were now in the cupboard. The rest is identical to the action version.","No",,"Morality","Morality","Morality","Which boy is naughtier?Is one of the boys naughtier than the other, or are they equally naughty?' Response choice: 'The boy in story 1' (commission), 'The boy in story 2' (omission), 'Both boys are about equally naughty' - coding: +1= choice of boy who did something,-1= choice of boy who did nothing, 0 = choice of the both were equal","scale"
"E44","Hayashi (2015)","Yes","17","1","2","1","1","0","This study compares an antisocial condition (good outcome for protagonist and bad outcome for another person through commission or omission) - focus on six graders","Laboratory","Other","Japan",76,70,"these pp gave incorrect responses or failed to respond",12.17,,43,33,,,"2x2","we are only interested in the morality judgment of omission/commission contrast; we separated antisocial conditions vs. selfish condition into different rows, 1x2 each","Within-subject","Antisocial condition (harm done to another person by producing a good outcome for the protagonist and a bad outcome for another person,i.e. the boy's comission or omission allowed him to eat chocolate alone, and the girl could not eat the chocolate).","Action = ""A boy and girl found chocolates in the regrigerator togehter. After the girl left the room , their mother moved the chocolates from the refrigerator to the cupboard. The boy watched this. The mother went out. The boy wanted to eat all the chocolate himself. The girl came back to eat the chocolates, but notices that they were not inthe refrigerator. So she asked the boy, 'Do you know where the chocolates are'?He replied, 'I don't know'. The girl felt sad and left. The boy took the chocolates from the cupboard and ate them all himself.""","Omission = Identical except for changing 'So she asked the boy, ""Do you know where the chocolates are?' The boy replied, ""I don't know"". to But she did not ask the boy where they were. So he did not tell her that they were now in the cupboard. The rest is identical to the action version.","No",,"Morality","Morality","Morality","Which boy is naughtier?Is one of the boys naughtier than the other, or are they equally naughty?' Response choice: 'The boy in story 1' (commission), 'The boy in story 2' (omission), 'Both boys are about equally naughty' - coding: +1= choice of boy who did something,-1= choice of boy who did nothing, 0 = choice of the both were equal","scale"
"E45","Hayashi (2015)","Yes","17","1","3","1","1","0","This study refers to an antisocial condition (good outcome for protagonist and bad outcome for another person through commission or omission) - focus on adults","Laboratory","Students","Japan",61,51,"these pp gave incorrect responses or failed to respond",,,37,24,,,"2x2","we are only interested in the morality judgment of omission/commission contrast; we separated antisocial conditions vs. selfish condition into different rows, 1x2 each","Within-subject","Antisocial condition (harm done to another person by producing a good outcome for the protagonist and a bad outcome for another person,i.e. the boy's comission or omission allowed him to eat chocolate alone, and the girl could not eat the chocolate).","Action = ""A boy and girl found chocolates in the regrigerator togehter. After the girl left the room , their mother moved the chocolates from the refrigerator to the cupboard. The boy watched this. The mother went out. The boy wanted to eat all the chocolate himself. The girl came back to eat the chocolates, but notices that they were not inthe refrigerator. So she asked the boy, 'Do you know where the chocolates are'?He replied, 'I don't know'. The girl felt sad and left. The boy took the chocolates from the cupboard and ate them all himself.""","Omission = Identical except for changing 'So she asked the boy, ""Do you know where the chocolates are?' The boy replied, ""I don't know"". to But she did not ask the boy where they were. So he did not tell her that they were now in the cupboard. The rest is identical to the action version.","No",,"Morality","Morality","Morality","Which boy is naughtier?Is one of the boys naughtier than the other, or are they equally naughty?' Response choice: 'The boy in story 1' (commission), 'The boy in story 2' (omission), 'Both boys are about equally naughty' - coding: +1= choice of boy who did something,-1= choice of boy who did nothing, 0 = choice of the both were equal","scale"
"E46","Hayashi (2015)","Yes","17","1","1","2","1","0","This study refers to a selfish condition (good outcome for protagonist through omission or commission) - focus on second graders","Laboratory","Other","Japan",81,80,"these pp gave incorrect responses or failed to respond",8.17,,46,35,,,"2x2","we are only interested in the morality judgment of omission/commission contrast; we separated antisocial conditions vs. selfish condition into different rows, 1x2 each","Within-subject","Selfish condition (no positive or negative affect on another person but the protagonist's commission or omission produced a good outcome for himself, i.e. the boy's commission or omission made him avoid getting up early)","Action = ""A boy's mother ordered him to get up early in the next morning to do exercises. She set his alarm clock for 6 o'clock in the morning. She left his room. However, the boy did not want to get up eraly because he hated exercises. He stopped the alarm clock by pulling the battery out of the clock. In this situation, the alarm would not ring the next morning. The boy went to bed. The next morning, the alarm did not ring. Therefore, the boy deliberately overslept and avoided doing exercises. ""","Omission = identical except for changing ' He stopped the alarm clock by pulling the battery out of the clock"" to 'He noticed that his alarm clock had stopped, but he did not change the battery.' The rest is identical","No",,"Morality","Morality","Morality","Which boy is naughtier?Is one of the boys naughtier than the other, or are they equally naughty?' Response choice: 'The boy in story 1' (commission), 'The boy in story 2' (omission), 'Both boys are about equally naughty' - coding: +1= choice of boy who did something,-1= choice of boy who did nothing, 0 = choice of the both were equal","scale"
"E47","Hayashi (2015)","Yes","17","1","2","2","1","0","This study refers to a selfish condition (good outcome for protagonist through omission or commission) - focus on six graders","Laboratory","Other","Japan",76,76,"these pp gave incorrect responses or failed to respond",12.17,,43,33,,,"2x2","we are only interested in the morality judgment of omission/commission contrast; we separated antisocial conditions vs. selfish condition into different rows, 1x2 each","Within-subject","Selfish condition (no positive or negative affect on another person but the protagonist's commission or omission produced a good outcome for himself, i.e. the boy's commission or omission made him avoid getting up early)","Action = ""A boy's mother ordered him to get up early in the next morning to do exercises. She set his alarm clock for 6 o'clock in the morning. She left his room. However, the boy did not want to get up eraly because he hated exercises. He stopped the alarm clock by pulling the battery out of the clock. In this situation, the alarm would not ring the next morning. The boy went to bed. The next morning, the alarm did not ring. Therefore, the boy deliberately overslept and avoided doing exercises. ""","Omission = identical except for changing ' He stopped the alarm clock by pulling the battery out of the clock"" to 'He noticed that his alarm clock had stopped, but he did not change the battery.' The rest is identical","No",,"Morality","Morality","Morality","Which boy is naughtier?Is one of the boys naughtier than the other, or are they equally naughty?' Response choice: 'The boy in story 1' (commission), 'The boy in story 2' (omission), 'Both boys are about equally naughty' - coding: +1= choice of boy who did something,-1= choice of boy who did nothing, 0 = choice of the both were equal","scale"
"E48","Hayashi (2015)","Yes","17","1","3","2","1","0","This study refers to a selfish condition (good outcome for protagonist through omission or commission) - focus on adults","Laboratory","Students","Japan",61,60,"these pp gave incorrect responses or failed to respond",,,37,24,,,"2x2","we are only interested in the morality judgment of omission/commission contrast; we separated antisocial conditions vs. selfish condition into different rows, 1x2 each","Within-subject","Selfish condition (no positive or negative affect on another person but the protagonist's commission or omission produced a good outcome for himself, i.e. the boy's commission or omission made him avoid getting up early)","Action = ""A boy's mother ordered him to get up early in the next morning to do exercises. She set his alarm clock for 6 o'clock in the morning. She left his room. However, the boy did not want to get up eraly because he hated exercises. He stopped the alarm clock by pulling the battery out of the clock. In this situation, the alarm would not ring the next morning. The boy went to bed. The next morning, the alarm did not ring. Therefore, the boy deliberately overslept and avoided doing exercises. ""","Omission = identical except for changing ' He stopped the alarm clock by pulling the battery out of the clock"" to 'He noticed that his alarm clock had stopped, but he did not change the battery.' The rest is identical","No",,"Morality","Morality","Morality","Which boy is naughtier?Is one of the boys naughtier than the other, or are they equally naughty?' Response choice: 'The boy in story 1' (commission), 'The boy in story 2' (omission), 'Both boys are about equally naughty' - coding: +1= choice of boy who did something,-1= choice of boy who did nothing, 0 = choice of the both were equal","scale"
"E49","Connolly and Reb (2003)","Yes","12","1","1","1","1","1","the first experiment examines vaccination decisions of two different populations (students vs. non-student adults)","Laboratory","Other","US",295,293,"not explained",,,,,,,"2x3","in the original study, participants had the option to decide between action, inaction and ""don't know"" and each participant was presented with relative risk conditions of vaccine side effects and flu. Meaning, if vaccine risk was higher, if vaccine risk was lower, and a baseline scenario. However, we are only interested in action and inaction and whether one decide to vaccinate or not in the baseline scenario.","Within-subject","Action means the intention to vaccinate;inaction means the intention not to vaccinate. ""Any general tendency toward omission (inaction) should thus shift the predominant choice sharply in the direction non-vaccination.""","After participants read the scenario, they were asked ""How would you decide""? Based on a 7-point scale, with  - 3(definitely not vaccinate), 0 (don't know), and +3 (definitely vaccinate). The decision to not vaccinate = inaction/omission (-3)","After participants read the scenario, they were asked ""How would you decide""? Based on a 7-point scale, with  - 3(definitely not vaccinate), 0 (don't know), and +3 (definitely vaccinate). The decision to vaccinate = action/comcission (3)","Yes","we only focused on the baseline scenario whether to vaccinate or not and excluded the high vs. low risk conditions","Decision for omission or commission","Decision","Decision","Subjects are asked to indicate whether they would vaccinate or not-vaccinate their child based on a seven-point scale from -3 (definitely not vaccinate) to +3 (definitely vaccinate). Results reported are based on count of -3 to -1 (non-vaccination) and +1 to +3 (vaccination). ""‘‘Negative’’ includes all responses from -1 to -3 (i.e., anti-vaccination); ‘‘Positive’’ includes all responses from +1 to +3 (i.e., pro-vaccination)."" (p.192)","counts"
