"decision_no","article_no","article","source","decision"
"1","4","Spranca etal (1991) Omission and Commission in Judgement and Choice","Database search","Experiment 2 focuses on intention comparisons. Excluded."
"2","4","Spranca etal (1991) Omission and Commission in Judgement and Choice","Database search","Experiment 3 is a trolley problem. Excluded."
"3","4","Spranca etal (1991) Omission and Commission in Judgement and Choice","Database search","It reads from the text as if they combined Case 1 and Case 2 in their reporting."
"4","4","Spranca etal (1991) Omission and Commission in Judgement and Choice","Database search","Experiment 6 focuses on mechanism, can't compare"
"5","12","Connolly Reb (2003) Omission bias in vaccination decisions","Database search","Experiment 2 focuses on the influence of scale length/direction in vaccination decisions. Excluded."
"6","12","Connolly Reb (2003) Omission bias in vaccination decisions","Database search","Experiment 3 focuses on alternative response formats (choice vs. matching format). Excluded."
"7","13","Kordes-de Vaal (1996) Intention and the omission bias","Database search","Experiment 2 focuses on the role of causality. Excluded."
"8","16","Willemsen Reuter (2016) Is there really an omission effect?","Database search","Experiment 1 is about the role of violated rules/norms in omission vs commission. Excluded."
"9","16","Willemsen Reuter (2016) Is there really an omission effect?","Database search","Experiment 4 contrasts between allowing harm and doing harm. Excluded."
"10","11","Bostyn Roets (2016) The morality of action","Database search","All 3 studies have to be excluded since it deals with a scenario that is identical with the Trolley problem."
"11","22","Powell etal (2012) Biases in children's and adults' moral judgment","Database search","The first experiment deals with a Trolley problem and the second experiment measures the role of physical contact and intention in the omission bias. Both experiments are excluded."
"12","14","DeScioli etal (2011) The omission effect in moral cognition","Database search","All experiments of this article refer to Trolley problem similar scenarios and therefore are excluded. No uncertainty in the scenarios - the actors knows for sure the probabilities of what might happen regarding harm."
"13","5","Haidt Baron (1996) Social roles and the moral judgment of acts and omissions","Database search","All three experiments of this article show missing information. No standard deviations are given to calculate t or Cohen's. Therefore the whole article is excluded."
"14","48","Gangemi Mancini (?) Moral choices: The influence of the ""Do not play God"" principle","Database search","Involves a trolley dilemma scenario and some other inaction/action scenarios but not about morality/blame/responsibility. Excluded."
"15","21","Baron (1996) Do no harm","Database search","Is a review article summarizing experiments/results. Excluded."
"16","55","Corren etal (?) If You're Going to Do Wrong, at Least Do It Right","Database search","All experiments of this article refers to Trolley problem. Excluded."
"17","30","Baron (2009) Looking at Individual Subjects in Research on Judment and Decision Making","Database search","No experimental article - a review about statistical methods in omission bias (individual differences). Excluded."
"18","24","Anderson (2005) Alternative perspectives on omission bias","Database search","Commentary article. Excluded."
"19","8","Ritov Baron (1995) Outcome Knowledge, Regret, and Omission Bias","Database search","Experiment 2 and 4 does not give enough statistical information (no F, no t, or SD is given), as in Experiment 3 (additionally it focuses more on the influence of regret in the decisional process to act/to omit."
"20","15","Zeelenberg etal (2000) Attributions of responsibility and affective reactions to decision outcomes","Database search","Experiment 1: pp are assigned to decisions. Experiment 2: about action-effect and associated feelings. Both excluded."
"21","25","Cushman Young (2011) Patterns of Moral Judgment Derive From Nonmoral Psychological Representations","Database search","Experiment 2 excluded because of missing statistical information for the meta-analysis."
"23","33","Hauser etal (2007) A Dissociation Between Moral Judgments and Justifications","Database search","The articles focuses on the Trolley dilemma. Excluded."
"24","43","Carnes Janoff-Bulman (2012) Harm, Help, and the Nature of (Im)Moral (In)Action","Database search","Commentary article. Excluded."
"25","2","Ritov Baron (1999) Protected Values and Omission Bias","Database search","all four experiments are correlational studies and focus on the relation btw omission bias and protected values. Excluded."
"26","51","Nordhall (2009) Saving five by killing one","Database search","all 4 moral dilemmas are about different versions of the Trolley problem. Excluded."
"27","52","Gawronksi Beer (2016) What makes moral dilemma judgment ""utilitarian"" or ""deontological""?","Database search","not the necessary statistical information for our meta-analysis. Excluded."
"28","23","Tanner Medin (2004) Protected values: No omission bias and no framing effects","Database search","The study only focuses on actions and PV but not on the action-inaction contrast.Excluded."
"29","10","Cushman etal (2006) The Role of Conscious Reasoning and Intuition in Moral Judgment","Database search","All scenarios are different versions of the Trolley dilemma. Excluded."
"30","57","Willemsen (2017) Marbles in Inaction: Counterfactual Simulation and Causation by Omission","Database search","Is about causality by omission but does not contrast the inaction-action effect. Excluded."
"31","32","Hauser etal (2009) When Moral Intuitions Are Immunte to the Law","Database search","Is about killing vs. letting die and invovles Trolley dilemmas.Excluded."
"32","34","Anderson (2003) The Psychology of Doing Nothing","Database search","A review article. Can not be used for the meta-analysis. Excluded."
"33","38","DeScioli etal (2012) Omissions and Byproducts across Moral Domains","Database search","Experiment 2 and 3 are about the byproducts of omission. N contrast effect of action-inaction. Excluded."
"34","35","Meszaros et al (1996) Cognitive Processes and the Decision of Some Parents to Forego Pertussis Vaccination for Their Children","Database search","The statistical information in the 'omission bias' part are not enough for the meta-analysis. No SD or action-inaction comparison rates are given. Excluded."
"35","31","Cushman etal (2008) Moral appraisals affect doing/allowing judgments","Database search","Is about killing/letting die scenarios. Although it is strongly associated with the omission bias, it does not fit out inclusion/exclusion criteria. Excluded."
"36","45","Hayashi (2007) Children's moral judgments of commission and omission based on their understanding of second-order mental states","Database search","The study focuses on whether children are able to distinguish between omission and commission dependend on first-or second order mental states and there is no focus on a preference for action or inaction. Excluded."
"37","46","Hayashi (2009) Is there a developmental differenec in recognizing harm through action and inaction","Database search","The study focuses on identifying 'wrong' and 'right' moral judgments based on different patterns of mental states. Not relevant for us. Excluded."
"38","44","Hayashi (2010) Young children's Moral Judgments of Commission and Omission","Database search","The study focuses on identifying 'wrong' and 'right' moral judgments based on different patterns of mental states. Not relevant for us. Excluded."
"39","1","Ritov Baron (1990) Reluctance to vaccinate","Database search","Experiments 1, 2, and 4 are excluded because the statistical information given in the article are not useful for the meta analysis. Excluded. The information provided are about preferences/tolerence differences between different cases and risk levels"
"40","41","Bergstrand (2014) The Mobilizing Power of Grievances","Database search","Experiment 1 is about loss aversion. Although it is also associated with the omission bias, it is not in focus of our meta-analysis. Excluded,"
"41","36","Schweitzer (1994) Disentangling Status Quo and Omission Effects","Database search","Not enough statistical information for the meta-analysis. Excluded."
"42","53","Trémolière Bonnefon (2014) Efficient Kill-Save Ratios","Database search","The focus is on kill-save ratios - similar to the Trolley dilemma. Excluded."
"43","27","Regulatory focus as a predictor of omission bias in moral judgment","Database search","Experiment 1 is a Trolley like dilemma. Experiment 2 mainly focuses on the mediating roles of anticipated regret or regret for action; no contrast effect of omission vs. commission. Excluded."
"44","40","Miller etal (2014) Bad Actions and Bad Outcomes?","Database search","All 4 experiments give correlational results. Furthermore, they include many Trolley like dilemmas (not only but included in the results). Excluded."
"45","20","Royzman Baron (2002) The Preference for Indirect Harm","Database search","All experiments are exlcuded because they include scenarios that are very similar to the Trolley dilemma (e.g. deciding btw killing children to protect other children)."
"46","60","Reb Connolly (2007) The Effects of Action, Normality,and Decision Carefulness on Anticipated Regret","Database search","All experiments measure anticipated regret as DV. Is not relevant for our meta-analysis. Excluded."
"47","61","Connolly Reb (2012) Toward interactive, Internet-based decision aid for vaccination decisions","Database search","Review article. Excluded."
"48","62","Connolly Ordonez (1997) Regret and Responsibility in the evaluation of decision outcomes","Database search","Review article. Excluded."
"49","3","Baron Ritov (1994) Reference Points and Omission Bias","Database search","Experiment 1,2, 3,and 5 refer to norm theory and status-quo bias. Excluded."
"50","50","Gong etal (2012) Consequences are far away","Database search","Experiment 1,3  is about Trolley dilemma. 4,5 not about omission commission. Excluded."
"51","7","DeScioli et al. (2011)","Database search","I excluded decisions in experiment 1 and 2 and only left judgments, since they’re not a clear contrast between action and inaction, because of that third option, and the evaluations DVs are more accurate."
"52","37","Wroe & Salkoviskis (2000)","Database search","No contrast between omission and commission, but differences between the contrasts between the highest concern and the lowest concern, which they call ‘sensitivity’. This is not the omission-bias effect, but something very different. I could not find the main effects for commission and omission in this article. We could maybe later write to ask them for detailed data."
"53","63","Gärtner (2015) Omissions effects in trolley problems","Author call (2017, 2020)","The experiment is about trolley dilemmas. Excluded."
"54","64","D'Olimpio Mancini (2016) Don't play god","Author call (2017, 2020)","Study 1 refers to a trolley dilemma. It is not clear whether Study 2 also refers to a Trolley problem compared to a nonmoral scenario. In addtion, the table in study 2 does not give statistical information useful for the meta analysis. Excluded."
"55","65","Gawronksi (?) Consequences, Norms, and Generalized Inaction in Moral Dilemmas","Author call (2017, 2020)","Refers to our topic but includes three trolley similar scenarios out of 6. Additionally, they are summarized in the results and not evaluated separately. Excluded."
"56","68","Thorpe et al (2020) Action bias in the public’s clinically inappropriate expectations for antibiotics","Author call (2017, 2020)","Studies 1 and 2 do not report proportion of both action and inaction. It reports percentages of taking probiotics in incomplete info and complete info conditions only. Focuses on the correlational link between taking antibiotics / not taking antibiotics and action bias. Study 3 focuses on action-inaction framing. Excluded"
"57","69","Baron et al (2017) Correlations of trait and state emotions with utilitarian moral judgements","Author call (2017, 2020)","Correlational studies. Excluded"
"58","70","Baron et al (2015) Why does the Cognitive Reflection Test (sometimes) predict utilitarian moral judgment (and other things)?","Author call (2017, 2020)","Correlational studies. Excluded"
"59","71","Baron et al (2020) Consequences, norms, and inaction: A critical analysis","Author call (2017, 2020)","No clear contrast between action and inaction. Focuses on moral principles and consequences. Excluded"
"60","72","Leib et al (2019) Dishonest helping and harming after (un)fair treatment","Author call (2017, 2020)","Related to action-inaction, but no clear contrast between action and inaction. Excluded"
"61","73","Gilead et al (2018) Not Our Fault: Judgments of Apathy Versus Harm Toward Socially Proximal Versus Distant Others","Author call (2017, 2020)","Related to action-inaction, but no clear contrast between action and inaction. It focuses on the contrast between negative right violation and positive right violation. Excluded"
"62","74","Bereby-Meyer et al (2003) Decision making under internal uncertainty: the case of multiple-choice tests with different scoring rules","Author call (2017, 2020)","Related to action-inaction, but no clear contrast between action and inaction. Participants choose 1 of 4 multiple choices, or omit. Excluded"
"63","75","Budescu et al (1993) To Guess or Not to Guess: A Decision-Theoretic View of Formula Scoring","Author call (2017, 2020)","Theoretical article. Excluded"
"64","76","Budescu et al (2014) Analyzing Test-Taking Behavior: Decision Theory Meets Psychometric Theory","Author call (2017, 2020)","Theoretical and Modelling article. Excluded"
