"article_no","authors","email_on_file","reply_logged"
"1",2,2,1
"4",2,0,0
"5",1,1,1
"7",3,3,2
"10",2,2,1
"11",2,2,0
"12",2,2,0
"13",1,1,0
"14",1,0,0
"15",3,2,0
"16",2,2,1
"17",1,1,0
"18",4,4,0
"19",2,2,0
"20",1,1,0
"22",3,3,1
"23",2,2,0
"24",1,1,0
"26",2,2,1
"27",3,1,0
"28",8,4,2
"29",1,0,0
"31",2,2,1
"32",2,1,0
"33",2,1,0
"35",1,0,0
"36",1,1,0
"37",4,4,0
"38",1,1,0
"40",2,2,1
"41",1,1,0
"42",2,2,1
"43",2,1,0
"47",3,3,1
"48",2,2,1
"50",3,1,0
"51",1,0,0
"52",2,2,1
"53",2,2,0
"54",1,1,0
"55",3,3,2
"56",2,2,1
"57",2,0,2
"x",1,1,1
