"effect_id","familiarity","familiarity_sub","familiarity_note","responsibility","responsibility_note","outcome","outcome_sub","outcome_note","self_other","self_other_note","stat_info","stat_info_note","harm_specified","harm_specified_note"
"E01","familiar with target","familiar with target but not close","Familiar rivals","unclear responsibility over target","Familiar rivals","no clear negative outcome","mixed","Both, they collapsed harm and no-harm together","other","The affected target is familiar rivals","no statistical odds provided","odds were not known to actors, although seemed high certainty (allergy)","equally likely","Left blank, odds were not known to actors"
"E02",,"mixed","mixed between physician, patient, and official, so set to undetermined",,"mixed between physician, patient, and official, so set to undetermined","negative outcome","negative outcome","It's all about chances for harm, so negative","other","The affected target is patient","collapsed condition","conditions were collapsed","harm through omission is more likely in 3 conditions, harm through commission is more likely in other 3 conditions","Left blank, conditions were collapsed"
"E03","familiar with target","familiar with target but not close","Peter and John know each other because they are in the same tennis club; familiar rivals","unclear responsibility over target","Familiar rivals","negative outcome","negative outcome","John wins the match; harm to Peter","other","The affected target is familiar rivals","no statistical odds provided","odds were not known to actors, although seemed high certainty (allergy)","equally likely","Left blank, odds not presented, certainty"
"E04","familiar with target","familiar with target but not close","Peter and John know each other because they are in the same tennis club; familiar rivals","unclear responsibility over target","Familiar rivals","negative outcome","negative outcome","John wins the match; harm to Peter","other","The affected target is familiar rivals","no statistical odds provided","odds were not known to actors, although seemed high certainty (allergy)","equally likely","Left blank, odds not presented, certainty"
"E05","familiar with target","familiar with target but not close","Ellen knows Peter because they come from the same province",,"They come from the same province and therefore maybe Ellen feels responsible for Tom in some way but it is not explicitly explained","negative outcome","negative outcome","Peter is charged with failure although it was Tom's fault","other","The affected target is a person that the actor knows, from the same province","no statistical odds provided","odds were not given","equally likely","Left blank, odds not presented, certainty"
"E06","familiar with target","familiar with target but not close","Ellen knows Peter because they come from the same province",,"They come from the same province and therefore maybe Ellen feels responsible for Tom in some way but it is not explicitly explained","negative outcome","negative outcome","Peter is charged with failure although it was Tom's fault","other","The affected target is a person that the actor knows, from the same province","no statistical odds provided","odds were not given","equally likely","Left blank, odds not presented, certainty"
"E07","not familiar with target","not familiar with target","the nurse does not know the patient","responsibility over target","The nurse is responsible for the patient","negative outcome","negative outcome","The patient has an unbearable stomachache the whole night","other","The affected target is a patient, in which the nurse is responsible for","no statistical odds provided","odds were not given","equally likely","Left blank, odds not presented, certainty"
"E08","not familiar with target","not familiar with target","the auto mechanic does not know the affected target",,"The target and the responsibility are not explicitly stated","negative outcome","negative outcome","the motor jams and the loss for the business","other","The affected target is the vehicle user","no statistical odds provided","odds were not given","equally likely","Left blank, odds not presented, certainty"
"E09","not familiar with target","not familiar with target","the mechanic does not know the people having the accident",,"The target and the responsibility are not explicitly stated","negative outcome","negative outcome","A collision takes place, resulting in a lot of auto body damage, for whichthe costs are charegd to the mechanic's company","other","The affected target is the vehicle user","no statistical odds provided","odds were not given","equally likely","Left blank, odds not presented, certainty"
"E10",,"familiarity not specified.","There are no affected targets","unclear responsibility over target","There are no affected targets, because the outcome was not negative.","no clear negative outcome","no negative outcome","""At noon, an empty email is sent from the central computer to a non-existent email address."" (p.7)","other","There was a chance that others, notably the customer or the company, would be affected, even though no negative outcome at the end","no statistical odds provided","odds were not given","equally likely","Left blank, odds not presented, certainty"
"E11","not familiar with target","not familiar with target","Alice doesn't know the affected targets","responsibility over target","Alice doesn't know the affected targets, but she is responsible for the company and customers","negative outcome","negative outcome","""At noon, some work emails containing important customer information are deleted from the central computer."" (p.7)","other","The affected target include customers and the company","no statistical odds provided","odds were not given","equally likely","Left blank, odds not presented, certainty"
"E12",,"familiarity not specified.","Affected target unclear","responsibility over target","Peter doesn't know the affected targets, but he is responsible for the company and the customers","negative outcome","negative outcome","""All customer information is deleted from the central computer. The company loses important customer information"" (p.11)","other","The affected target include customers and the company","no statistical odds provided","Peter is informed about the consequence following from his action or omission - but no odds were given","equally likely","Left blank, odds not presented, certainty"
"E13",,"familiarity not specified.","Affected target unclear","responsibility over target","Peter doesn't know the affected targets, but he is responsible for the company and the customers","negative outcome","negative outcome","""All customer information is deleted from the central computer. The company loses important customer information"" (p.11)","other","The affected target include customers and the company","no statistical odds provided","Peter is informed about the consequence following from his action or omission but no odds were given","equally likely","Left blank, odds not presented, certainty"
"E14","not familiar with target","not familiar with target","they talk about person X,Y, Z","unclear responsibility over target","there is no role of responsibility for person Z; no responsibility for affected target person Y","no clear negative outcome","undetermined","the outcome depends on whether people decide for omission or commission which means more or less money (gaining or losing money)","other","The potential affected target is person X, Y, Z","no statistical odds provided","odds were not given","equally likely","Left blank"
"E15","not familiar with target","not familiar with target","they talk about person X,Y, Z","unclear responsibility over target","there is no role of responsibility for person X; no responsibility for affected target person Y","no clear negative outcome","undetermined","the outcome depends on whether people decide for omission or commission which means more or less money (gaining or losing money)","other","The potential affected target is person X, Y, Z","no statistical odds provided","odds were not given","equally likely","Left blank"
"E16","not familiar with target","not familiar with target","they talk about person X,Y, Z","unclear responsibility over target","there is no role of responsibility for person Z; no responsibility for affected target person Y","no clear negative outcome","undetermined","the outcome depends on whether people decide for omission or commission which means more or less money (gaining or losing money)","other","The potential affected target is person X, Y, Z","no statistical odds provided","odds were not given","equally likely","Left blank"
"E17","not familiar with target","not familiar with target","they talk about person X,Y, Z","unclear responsibility over target","there is no role of responsibility for person X; no responsibility for affected target person Y","no clear negative outcome","undetermined","the outcome depends on whether people decide for omission or commission which means more or less money (gaining or losing money)","other","The potential affected target is person X, Y, Z","no statistical odds provided","odds were not given","equally likely","Left blank"
"E18",,"familiarity not specified.","affected targets are patients","responsibility over target","the doctor is responsible for the patient","no clear negative outcome","undetermined","the consequences of treatment are not specified","other","The potential affected target is patients, in which the doctor is responsible for","no statistical odds provided","odds were given as IV conditions; however the effects are not reported in the results and therefore I ignored this IV","equally likely","""when the consequence of the two options were the same..."""
"E19",,"familiarity not specified.","affected targets are patients","responsibility over target","the doctor is responsible for the patient","no clear negative outcome","undetermined","the consequences of treatment are not specified","other","The potential affected target is patients, in which the doctor is responsible for","no statistical odds provided","odds were given as IV conditions; however the effects are not reported in the results and therefore I ignored this IV","equally likely","""when the consequence of the two options were the same..."""
"E20",,"mixed","mixed because there are different scenarios, so set to undetermined",,"mixed because there are different scenarios, so set to undetermined","no clear negative outcome","undetermined","can be either positive or negative; the outcome is not certain","other","The affected target is the rock climber","no statistical odds provided","odds were not given","undetermined","Left blank"
"E21",,"mixed","mixed because there are different scenarios, so set to undetermined",,"mixed because there are different scenarios, so set to undetermined","no clear negative outcome","undetermined","can be either positive or negative; the outcome is not certain","other","The affected target is the rock climber","no statistical odds provided","odds were not given","undetermined","Left blank"
"E22",,"self rating","do not know the masseur",,"self-rating","no clear negative outcome","undetermined","no outcome specified","self","The affected target/decision maker is self, the person who paid the massage parlor","no statistical odds provided","odds were not given","undetermined","Left blank"
"E23","not familiar with target","not familiar with target","do not know the person who told him about the human meat",,"there is nothing said about responsibility, however the person should inform the guest about the human flesh before","no clear negative outcome","undetermined","no outcome specified","other","The affected target is meat of a human being - cannibalism, and the person who told him that is human flesh","no statistical odds provided","odds were not given","undetermined","Left blank"
"E24","familiar with target","familiar with target but not close","know each other from university/school","unclear responsibility over target","they are not responsible for each other; just friends","no clear negative outcome","undetermined","no outcome specified","other","The decision maker knows the person from university/school","no statistical odds provided","odds were not given","undetermined","Left blank"
"E25","not familiar with target","not familiar with target","do not know the children in the porn",,"difficult to determine","no clear negative outcome","undetermined","no outcome specified","other","The indirectly affected target may be children in the porn","no statistical odds provided","odds were not given","undetermined","Left blank"
"E26",,"self rating","Others are not directly affected.",,"self-rating","no clear negative outcome","undetermined","no outcome specified","other","The indirectly affected target may be Americans or people talking on that road","no statistical odds provided","odds were not given","undetermined","Left blank"
"E27","familiar with target","familiar and closely related to target (family/friends)","are married","responsibility over target","they carry the responsibility for each other","no clear negative outcome","undetermined","no outcome specified","other","The affected target is the spouse","no statistical odds provided","odds were not given","undetermined","Left blank"
"E28",,"familiarity not specified.","it is not clear whether they know each other or not","unclear responsibility over target","they are not responsible for each other","no clear negative outcome","undetermined","no outcome specified","other","The affected target is the another person who broke the leg","no statistical odds provided","odds were not given","undetermined","Left blank"
"E29",,"familiarity not specified.","no reference to another person",,"responsibility not specified for another person","no clear negative outcome","undetermined","no outcome specified","other","The potential target may be the person who talk on that road","no statistical odds provided","odds were not given","undetermined","Left blank"
"E30",,"self rating","Check Action-commission explanation and Inaction-omission explanation for quotes. The main affected target is self (the person who smoke marijuana)",,"self-rating","no clear negative outcome","undetermined","no outcome specified","self","The affected target is self, the person who take","no statistical odds provided","odds were not given","undetermined","Left blank"
"E31",,"self rating","Check Action-commission explanation and Inaction-omission explanation for quotes. The main affected target is self.",,"self-rating","no clear negative outcome","undetermined","no outcome specified","self","It is a choice made by Eva and Elizabeth, in which the main affected target / character in the incident is Eva/Elizabeth","no statistical odds provided","odds were not given","undetermined","Left blank"
"E32","not familiar with target","not familiar with target","do not know the cashier",,"responsibility not specified for another person","no clear negative outcome","undetermined","no outcome specified","other","The main affected target is the cashier/store","no statistical odds provided","odds were not given","undetermined","Left blank"
"E33",,"familarity not specified.","Affected target is patient","responsibility over target","doctor is responsible for the patient's life / death","no clear negative outcome","undetermined","This is complex. The patient wants to die through euthanasia so maybe this is not a bad outcome. It is unclear.","other","The affected target is the patient, in which the doctor is responsible for","no statistical odds provided","odds were not given","undetermined","Left blank"
"E34","familiar with target","familiar with target but not close","it is about a donation for a friend","unclear responsibility over target","it is just a friend","negative outcome","negative outcome","death if no tranplant","other","The affected targets include the friend and the person who is suffering from a rare disease","no statistical odds provided","odds were not given","undetermined","Left blank"
"E35","familiar with target","familiar with target but not close","it is about a donation for a friend","unclear responsibility over target","it is just a friend","negative outcome","negative outcome","death if no tranplant","other","The affected targets include the friend and the person who is suffering from a rare disease","no statistical odds provided","odds were not given","undetermined","Left blank"
"E36",,"familiarity not specified.","“We are a group of concerned community members. "" (p.135); it is unclear if they are familiar with the ""community members"" in the activist group.","unclear responsibility over target","They are just ""community members""","negative outcome","negative outcome","""Every year dogs suffer..."" (p.135)","other","The affected targets are the dogs that suffer","no statistical odds provided","odds were not given","undetermined","Left blank"
"E37",,"familiarity not specified.","“We are a group of concerned community members. "" (p.135); it is unclear if they are familiar with the ""community members"" in the activist group.","unclear responsibility over target","They are just ""community members""","negative outcome","negative outcome","""Every year dogs suffer..."" (p.135)","other","The affected targets are the dogs that suffer","no statistical odds provided","odds were not given","undetermined","Left blank"
"E38",,"mixed","mixed because there are different scenarios, so set to undetermined",,"mixed because there are different scenarios, so set to undetermined","no clear negative outcome","undetermined","can be either positive or negative; the outcome is not certain","other","There are numerous conditions, and the affected targets of all these are others.","no statistical odds provided","odds were not given","undetermined","Left blank"
"E39","familiar with target","familiar with target but not close","Familiar rivals in tennis competition - ""John and Ivan quickly advanced until they were to meet in the final. "" (p.9)","unclear responsibility over target","Familiar rivals in tennis competition - ""John and Ivan quickly advanced until they were to meet in the final. "" (p.9)","no clear negative outcome","mixed","Both because we collapsed harm and no-harm together","other","The affected target is familiar rival in competition","no statistical odds provided","odds were not known to actors, although seemed high certainty (allergy)","equally likely","Left blank, odds were not known to actors"
"E40","familiar with target","familiar with target but not close","Familiar rivals in tennis competition - ""John and Ivan quickly advanced until they were to meet in the final. "" (p.9)","unclear responsibility over target","Familiar rivals in tennis competition - ""John and Ivan quickly advanced until they were to meet in the final. "" (p.9)","no clear negative outcome","mixed","Both, they collapsed harm and no-harm together","other","The affected target is familiar rival in competition","no statistical odds provided","odds were not known to actors, although seemed high certainty (allergy)","equally likely","Left blank, odds were not known to actors"
"E41","familiar with target","familiar with target but not close","know each other from the same town - ""there was an eyewitness to the accident, Ellen. Like Lyle, Ellen is a town resident. She thought to herself, ‘I know the accident is Lyle’s fault, but I know Lyle and do not wish him to be punished"" (p.11)",,"They come from the same town - ""there was an eyewitness to the accident, Ellen. Like Lyle, Ellen is a town resident. She thought to herself, ‘I know the accident is Lyle’s fault, but I know Lyle and do not wish him to be punished"" (p.11) but it is not specified if they feel responsible for others.","no clear negative outcome","mixed","we collapsed harm and no-harm together","other","The potential affected targets include victim of the accident - Peter, and police","no statistical odds provided","odds were not given","equally likely","Left blank, odds were not known to actors"
"E42","familiar with target","familiar with target but not close","know each other from the same town - ""there was an eyewitness to the accident, Ellen. Like Lyle, Ellen is a town resident. She thought to herself, ‘I know the accident is Lyle’s fault, but I know Lyle and do not wish him to be punished"" (p.12)",,"They come from the same town - ""there was an eyewitness to the accident, Ellen. Like Lyle, Ellen is a town resident. She thought to herself, ‘I know the accident is Lyle’s fault, but I know Lyle and do not wish him to be punished"" (p.11) but it is unclear and not specified if they feel responsible for others.","no clear negative outcome","mixed","we collapsed harm and no-harm together","other","The potential affected targets include victim of the accident - Peter and police","no statistical odds provided","odds were not given","equally likely","Left blank, odds were not known to actors"
"E43","familiar with target","familiar and closely related to target (family/friends)","The girl and the boy are friends","unclear responsibility over target","they are just friends and do not feel responsible for each other","negative outcome","negative outcome","The girl felt sad and left","other","The affected target is the girl, the boy's friend","no statistical odds provided","odds were not given. However, it is very obvious that the girl would be sad","equally likely","Left blank, odds were not known"
"E44","familiar with target","familiar and closely related to target (family/friends)","The girl and the boy are friends","unclear responsibility over target","they are just friends and do not feel responsible for each other","negative outcome","negative outcome","The girl felt sad and left","other","The affected target is the girl, the boy's friend","no statistical odds provided","odds were not given. However, it is very obvious that the girl would be sad","equally likely","Left blank, odds were not known"
"E45","familiar with target","familiar and closely related to target (family/friends)","The girl and the boy are friends","unclear responsibility over target","they are just friends and do not feel responsible for each other","negative outcome","negative outcome","The girl felt sad and left","other","The affected target is the girl, the boy's friend","no statistical odds provided","odds were not given. However, it is very obvious that the girl would be sad","equally likely","Left blank, odds were not known"
"E46",,"self rating","It is only about a boy doing 'harm' to himself",,"the boy is reponsible for himself","negative outcome","negative outcome","the boy's action/inaction has no negative or positive affect for someone else but is negative for himself","self","The affected target Is the boy himself","no statistical odds provided","odds were not given; however it is very probable that the alarm will not ring and the boy will overslep","equally likely","Left blank, odds were not known"
"E47",,"self rating","It is only about a boy doing 'harm' to himself",,"the boy is reponsible for himself","negative outcome","negative outcome","the boy's action/inaction has no negative or positive affect for someone else but is negative for himself","self","The affected target Is the boy himself","no statistical odds provided","odds were not given; however it is very probable that the alarm will not ring and the boy will overslep","equally likely","Left blank, odds were not known"
"E48",,"self rating","It is only about a boy doing 'harm' to himself",,"the boy is reponsible for himself","negative outcome","negative outcome","the boy's action/inaction has no negative or positive affect for someone else but is negative for himself","self","The affected target Is the boy himself","no statistical odds provided","odds were not given; however it is very probable that the alarm will not ring and the boy will overslep","equally likely","Left blank, odds were not known"
"E49","familiar with target","familiar and closely related to target (family/friends)","pp have to imagine to vaccinate their own child","responsibility over target","they are responsible for vaccinating their child","no clear negative outcome","small chance of negative outcome","The negative outcomes of non-vaccination and vaccination are described as equally likely - ""these unpleasant effects are rare. In fact, the risk of a vaccinated child getting the unpleasant side-effects is about as lowas the chance of a non-vaccinated child getting severe flu symptoms."", from P.191","other","The affected target is the child","no statistical odds provided","exact odds were not given","equally likely","Left blank, odds were not known"
