"effect_id","dv_format","es_input","n","n_action","n_inaction","n_source","m_action","sd_action","m_inaction","sd_inaction","mean_diff","t","t_df","f","f_df","p","p_tails","count_action","count_inaction","chisq","reported_d","calc_d","best_estimate","reverse","reverse_why","conversion","tool","means_page","stats_page","counts_page"
"E01","scale","t statistic",38,38,38,"Ns reported in the article",,,,,27.6,8.03,37,,,,"Two tailed",,,,,1.301887,1.301887,"No",,"t = mean difference / (standard error of difference/ sqrt(sample size)) = 27.6 / (21.2 / sqrt(38)); d = t-statistics/sqrt(n)","T-statistics Based on this: https://simon.cs.vt.edu/SoSci/converted/T-Dist/; Cohen d based on Lakens (2013) Formula 7",,,
"E02","scale","F statistic",48,48,48,"Ns reported in the article",,,,,,,,10.2,"46",,"Two tailed",,,,,0.6519,0.6519,"No",,"Converted from F(1, 46) = 10.2","esc esc_f function",,,
"E03","scale","group means",74,37,37,"Ns computed from df/overall N",83.9,23.3,73.2,26.1,10.7,1.9,72,,,,"One tailed",,,,,0.4417,0.4417,"No",,"Converted from t(72) = 1.9","esc esc_t function","p.164/165","p.164/165",
"E04","scale","group means",74,37,37,"Ns computed from df/overall N",94.1,11.1,61.8,34.1,32.3,5.5,72,,,,"One tailed",,,,,1.2787,1.2787,"No",,"Converted from t(72) = 5.5","esc esc_t function","p.164/165","p.164/165",
"E05","scale","group means",74,37,37,"Ns computed from df/overall N",93,13.1,83.5,22.4,9.5,2.2,72,,,,"One tailed",,,,,0.5115,0.5115,"No",,"Converted from t(72) = 2.2","esc esc_t function","p.164/165","p.164/165",
"E06","scale","group means",74,37,37,"Ns computed from df/overall N",89.3,22.6,63.9,35.1,25.4,3.7,72,,,,"One tailed",,,,,0.8602,0.8602,"No",,"Converted from t(72) = 3.7","esc esc_t function","p.164/165","p.164/165",
"E07","scale","group means",80,40,40,"Ns computed from df/overall N",88,15.6,81.3,22.4,6.7,2.4,78,,,,"Two tailed",,,,,0.5367,0.5367,"No",,"Converted from t(78) = 2.4","esc esc_t function","p.168/169","p.168/169",
"E08","scale","group means",80,40,40,"Ns computed from df/overall N",84.9,16.1,79.6,20.7,5.3,1.6,78,,,,"Two tailed",,,,,0.3578,0.3578,"No",,"Converted from t(78) = 1.6","esc esc_t function","p.168/169","p.168/169",
"E09","scale","group means",80,40,40,"Ns computed from df/overall N",79.6,23.6,67.3,27.4,12.3,4.7,78,,,,"Two tailed",,,,,1.051,1.051,"No",,"Converted from t(78) = 4.7","esc esc_t function","p.168/169","p.168/169",
"E10","scale","group means",119,30,30,"Ns computed from df/overall N",2.34,0.94,2.25,1.03,0.09,0.19,58,,,,"Two tailed",,,,,0.0901,0.0901,"No",,"Converted using metafor R package, m1i=2.34, sd1i=0.94, n1i=30, m2i=2.25, sd2i=1.03, n2i=30, from M, SD, N of both groups","metafor escalc function","p.8","p.8",
"E11","scale","group means",119,30,29,"Ns computed from df/overall N",2.3,1.29,2.38,0.88,-0.08,-0.28,57,,,,"Two tailed",,,,,-0.0713,-0.0713,"No",,"Converted using metafor R package, m1i=2.30, sd1i=1.29, n1i=30, m2i=2.38, sd2i=0.88, n2i=29, from M, SD, N of both groups","metafor escalc function","p.8","p.8",
"E12","scale","group means",116,29,29,"Ns computed from df/overall N",1.48,0.83,2.48,1.73,1,2.81,56,,,,"Two tailed",,,,,0.7271,-0.7271,"No",,"Converted using metafor R package, m1i=2.48, sd1i=1.73, n1i=29, m2i=1.48, sd2i=0.83, n2i=29, from M, SD, N of both groups","metafor escalc function","p.10-12","p.10-12",
"E13","scale","group means",116,29,29,"Ns computed from df/overall N",1.71,0.97,1.82,0.73,-0.09,-0.49,56,,,,"Two tailed",,,,,-0.1264,-0.1264,"No",,"Converted using metafor R package, m1i=2.48, sd1i=1.73, n1i=29, m2i=1.48, sd2i=0.83, n2i=29, from M, SD, N of both groups","metafor escalc function","p.10-12","p.10-12",
"E14","scale","t statistic",41,41,41,"Ns computed from df/overall N",5.5,,4.3,,1.2,2.76,40,,,,"Two tailed",,,,,0.4363943,0.4363943,"No",,"Converted from t(40) = 2.76","Lakens (2013) Formula 7: t-statistics/sqrt(n)","p. 443/444","p. 443/444",
"E15","scale","t statistic",95,95,95,"Ns computed from df/overall N",4.6,,4.4,,0.2,0.87,94,,,,"Two tailed",,,,,0.08926012,0.08973365,"No",,"Converted from t(94) = 0.87","Lakens (2013) Formula 7: t-statistics/sqrt(n)","p. 443/444","p. 443/444",
"E16","scale","t statistic",39,39,39,"Ns computed from df/overall N",5.6,,4.6,,1,2.13,38,,,,"Two tailed",,,,,0.341073,0.3455316,"No",,"Converted from t(38) = 2.13","Lakens (2013) Formula 7: t-statistics/sqrt(n)","p. 444/445","p. 444/445",
"E17","scale","t statistic",77,77,77,"Ns computed from df/overall N",4.8,,4.6,,0.2,0.67,76,,,,"Two tailed",,,,,0.07635359,0.07685427,"No",,"Converted from t(76) = 0.67","Lakens (2013) Formula 7: t-statistics/sqrt(n)","p. 444/445","p. 444/445",
"E18","scale","t statistic",112,112,112,"Ns reported in the article",,,,,,2.57,111,,,,"Two tailed",,,,,0.2428422,0.2439336,"No",,"Converted from t(111) = 2.57","Lakens (2013) Formula 7: t-statistics/sqrt(n)","p.80/81","p.80/81",
"E19","scale","t statistic",112,112,112,"Ns reported in the article",,,,,,2.44,111,,,,"Two tailed",,,,,0.2305583,0.2315946,"No",,"Converted from t(111) = 2.44","Lakens (2013) Formula 7: t-statistics/sqrt(n)","p.80/81","p.80/81",
"E20","scale","t statistic",20,20,20,"Ns computed from df/overall N",3.74,,4.58,,0.84,4.28,19,,,,"Two tailed",,,,0.98,0.9570371,0.9818993,"No",,"Converted from t(19) = -0.29","Lakens (2013) Formula 7: t-statistics/sqrt(n)","p. 1059-1062","p.1059-1062",
"E21","scale","t statistic",20,20,20,"Ns computed from df/overall N",4.13,,4.11,,-0.02,-0.29,19,,,,"Two tailed",,,,0.07,0.06484597,-0.06653056,"No",,"Converted from t(598) = 2.87","Lakens (2013) Formula 7: t-statistics/sqrt(n)","p.1059-1062","p.1059-1062",
"E22","scale","group means",143,143,143,"Ns reported in the article",13.43,16.79,7.73,13.25,5.7,7.81,142,,,,"Two tail p",,,,,0.653105,1.3062,"No",,"Converted from t(142) = 7.81","Lakens (2013) Formula 7: t-statistics/sqrt(n)","p. 2/3","p. 2/3",
"E23","scale","group means",139,139,139,"Ns reported in the article",18.01,18.82,11.24,16.33,6.77,7.6,138,,,,"Two tail p",,,,,0.6446236,1.2892,"No",,"Converted from t(138) = 7.60","Lakens (2013) Formula 7: t-statistics/sqrt(n)","p. 2/3","p. 2/3",
"E24","scale","group means",150,150,150,"Ns reported in the article",9.77,12.65,6.16,7.58,3.61,6.56,149,,,,"Two tail p",,,,,0.5356218,1.0712,"No",,"Converted from t(149) = 6.56","Lakens (2013) Formula 7: t-statistics/sqrt(n)","p. 2/3","p. 2/3",
"E25","scale","group means",150,150,150,"Ns reported in the article",16.62,18.83,13.95,18.09,2.67,3.34,149,,,,"Two tail p",,,,,0.2727099,0.5454,"No",,"Converted from t(149) = 3.34","Lakens (2013) Formula 7: t-statistics/sqrt(n)","p. 2/3","p. 2/3",
"E26","scale","group means",135,135,135,"Ns reported in the article",11.6,14.29,6.9,8.57,4.7,5.31,134,,,,"Two tail p",,,,,0.457012,0.914,"No",,"Converted from t(134) = 5.31","Lakens (2013) Formula 7: t-statistics/sqrt(n)","p. 2/3","p. 2/3",
"E27","scale","group means",147,147,147,"Ns reported in the article",6.99,9.94,4.44,6.28,2.55,4.83,146,,,,"Two tail p",,,,,0.3983717,0.7967,"No",,"Converted from t(146) = 4.83","Lakens (2013) Formula 7: t-statistics/sqrt(n)","p. 2/3","p. 2/3",
"E28","scale","group means",151,151,151,"Ns reported in the article",19.96,16.36,11.81,12.19,8.15,9.6,150,,,,"Two tail p",,,,,0.7812369,1.5625,"No",,"Converted from t(150) = 9.60","Lakens (2013) Formula 7: t-statistics/sqrt(n)","p. 2/3","p. 2/3",
"E29","scale","group means",105,105,105,"Ns reported in the article",12.06,16.52,9.8,15.12,2.26,3.77,104,,,,"Two tail p",,,,,0.3679143,0.7358,"No",,"Converted from t(104) = 3.77","Lakens (2013) Formula 7: t-statistics/sqrt(n)","p. 2/3","p. 2/3",
"E30","scale","group means",106,106,106,"Ns reported in the article",4.89,9.38,3.3,3.71,1.58,1.69,105,,,,"Two tail p",,,,,0.1641473,0.3283,"No",,"Converted from t(105) =1.69","Lakens (2013) Formula 7: t-statistics/sqrt(n)","p. 2/3","p. 2/3",
"E31","scale","group means",147,147,147,"Ns reported in the article",9.94,12.5,5.4,9.42,4.54,7,146,,,,"Two tail p",,,,,0.5773503,1.1547,"No",,"Converted from t(146) = 7.00","Lakens (2013) Formula 7: t-statistics/sqrt(n)","p. 2/3","p. 2/3",
"E32","scale","group means",151,151,151,"Ns reported in the article",9.95,11.25,5.03,8.89,4.91,7.42,150,,,,"Two tail p",,,,,0.603831,1.2077,"No",,"Converted from t(150) = 7.42","Lakens (2013) Formula 7: t-statistics/sqrt(n)","p. 2/3","p. 2/3",
"E33","scale","group means",125,125,125,"Ns reported in the article",17.54,21.97,12.55,17.27,4.99,3.38,124,,,,"Two tail p",,,,,0.3023164,0.6046,"No",,"Converted from t(124) = 3.38","Lakens (2013) Formula 7: t-statistics/sqrt(n)","p. 2/3","p. 2/3",
"E34","scale","chi-square",50,50,50,"Ns reported in the article",,,,,,,,,,,,7,23,8.533,,,1.260942,"No",,"Converted from x²(1)= 8.533, sample size 30",,,,"p.715"
"E35","scale","chi-square",70,70,70,"Ns computed from df/overall N",,,,,,,,,,,,4,25,16.71,,,2.332074,"No",,"Converted from x²(1)= 16.710, sample size 29",,,,"p.715"
"E36","scale","group means",115,56,59,"Ns reported in the article",6.05,0.999,4.8,1.51,1.25,5.3,113,,,,"One tail p",,,,0.987,0.9649,0.987,"No",,"Converted from t(113) = 5.3",,"p. 137","p. 137",
"E37","scale","group means",115,56,59,"Ns reported in the article",5.88,0.974,5.31,1.28,0.57,2.7,113,,,,"One tail p",,,,0.505,0.4961,0.505,"No",,"Converted from t(113) = 2.7",,"p. 137","p. 137",
"E38","scale","t statistic",50,50,50,"Ns reported in the article",,,,,,7.434,49,,,,"Two tail p",,,,,1.051326,1.051326,"No",,"Converted from t(49) = 7.434","Lakens (2013) Formula 7: t-statistics/sqrt(n)","p.16","p.16",
"E39","scale","group means",313,209,104,"Ns computed from df/overall N",78.3397,23.4723,67.375,25.7961,10.9647,3.65,311,,,,"Two tail p",,,,0.45,0.45184,0.45184,"No",,"Cohen's d is reported in the article. Cohen's d is verified based on raw datafile Replication_dataset.csv, with Scenario 1 immorality (Column Z) (as dependent variable) and Scenario 1 omission vs commission (Column O) (as grouping variable), https://osf.io/sqfdw/, using Jamovi independent samples t-test function (Student's t-test)",,,"p.30",
"E40","scale","group means",313,209,104,"Ns computed from df/overall N",6.903,3.7514,4.8169,4.2247,2.0861,4.27,311,,,,"Two tail p",,,,0.53,0.53291,0.53291,"No",,"Cohen's d is reported in the article. Cohen's d is verified based on raw datafile Replication_dataset.csv, with Scenario 1 log-transformed responsibility value (Column AE) (as dependent variable) and Scenario 1 omission vs commission (Column O) (as grouping variable) - https://osf.io/sqfdw/, using Jamovi independent samples t-test function (Student's t-test)",,,"p.30",
"E41","scale","group means",313,155,158,"Ns computed from df/overall N",77.3226,24.7426,65.2785,26.8392,12.0441,4.13,311,,,,"Two tail p",,,,0.47,0.46642,0.46642,"No",,"Cohen's d is reported in the article. Cohen's d is verified based on raw datafile Replication_dataset.csv, with Scenario 2 immorality (column AG) (as dependent variable) and Scenario 2 omission vs commission (Column W) (as grouping variable), https://osf.io/sqfdw/, using Jamovi independent samples t-test function (Student's t-test)",,,"p.30",
"E42","scale","group means",313,155,158,"Ns computed from df/overall N",7.1003,3.5585,5.6055,3.9265,1.4948,3.53,311,,,,"Two tail p",,,,0.4,0.39874,0.39874,"No",,"Cohen's d is reported in the article. Cohen's d is verified based on raw datafile Replication_dataset.csv, with Scenario 2 log-transformed responsibility (column AL) (as dependent variable) and Scenario 2 omission vs commission (Column W) (as grouping variable), https://osf.io/sqfdw/, using Jamovi independent samples t-test function (Student's t-test)",,,"p.30",
"E43","scale","t statistic",77,81,81,"Ns computed from df/overall N",,,,,,5.74,76,,,,"Two tailed",,,,0.658,0.6541337,0.658,"No",,"Converted from t(76) =5.74","Lakens (2013) Formula 7: t-statistics/sqrt(n)","p. 242/243","p.242/243",
"E44","scale","t statistic",70,76,76,"Ns computed from df/overall N",,,,,,4.86,69,,,,"Two tailed",,,,0.585,0.5808811,0.585,"No",,"Converted from t(69) = 4.86","Lakens (2013) Formula 7: t-statistics/sqrt(n)","p. 242/243","p.242/243",
"E45","scale","t statistic",51,61,61,"Ns computed from df/overall N",,,,,,7.25,50,,,,"Two tailed",,,,1.025,1.015203,1.025,"No",,"Converted from t(50) = 7.25","Lakens (2013) Formula 7: t-statistics/sqrt(n)","p. 242/243","p.242/243",
"E46","scale","t statistic",80,81,81,"Ns computed from df/overall N",,,,,,20.18,79,,,,"Two tailed",,,,2.27,2.256193,2.27,"No",,"Converted from t(79) =20.18","Lakens (2013) Formula 7: t-statistics/sqrt(n)","p. 242/243","p.242/243",
"E47","scale","t statistic",76,76,76,"Ns computed from df/overall N",,,,,,14.49,75,,,,"Two tailed",,,,1.673,1.662117,1.673,"No",,"Converted from t(75) =14.49","Lakens (2013) Formula 7: t-statistics/sqrt(n)","p. 242/243","p.242/243",
"E48","scale","t statistic",60,61,61,"Ns computed from df/overall N",,,,,,11.73,59,,,,"Two tailed",,,,1.528,1.514336,1.528,"No",,"Converted from t(59) = 11.73","Lakens (2013) Formula 7: t-statistics/sqrt(n)","p. 242/243","p.242/243",
"E49","counts","chi-square",293,293,293,"Ns reported in the article",,,,,,,,,,,,192,73,53.44,,,-0.9446177,"Yes","Participants favored commission (vaccination) but not omission. This is opposite to ""omission bias""","Converted from x²(1)=, sample size 629","https://www.polyu.edu.hk/mm/effectsizefaqs/calculator/calculator.html",,,"p.191"
